ss_dna	dna_count	dna_dist	aa_dist	ss_aa	early_stop	seq_rank	parent	category
G43T,T454C,T594A	20356	3	3	A15S,F152L,N198K	False	1	1VH	H
A679G	18573	1	1	K227E	False	2	1VH	H
C17G,A178G,G257A	17532	3	3	P6R,S60G,G86D	False	3	1VH	H
*0*	11321	0	0	*0*	False	4	1VH	H
C71T,A565G	29019	2	2	A24V,N189D	False	1	1VH	P
*0*	3876	0	0	*0*	False	1	1VH	L
A328T,G774T	1200	2	2	T110S,M258I	False	2	1VH	L
A107T	598	1	1	D36V	False	3	1VH	L
A178G,T354C,T387G	512	3	2	S60G,H129Q	False	4	1VH	L
T455G,T651C,G796A	474	3	2	F152C,E266K	False	5	1VH	L
T339C,T449C,G696A	453	3	1	F150S	False	6	1VH	L
T466A,T483C	437	2	1	C156S	False	7	1VH	L
T51A,A193G,G488A,A515T,G579T,A602G	403	6	5	N65D,R163H,H172L,M193I,E201G	False	8	1VH	L
A61G,A172G,A239T,G690T	389	4	3	M21V,S58G,Q80L	False	9	1VH	L
A198G,G775T	384	2	1	G259C	False	10	1VH	L
A432G	384	1	0	*0*	False	11	1VH	L
C74T,T672C,A675G,T744C	380	4	1	A25V	False	13	1VH	L
C409T,T498A,C628T	378	3	1	H210Y	False	14	1VH	L
T99A,A389G,C409G,G774A	374	4	4	D33E,D130G,L137V,M258I	False	15	1VH	L
T558C	368	1	0	*0*	False	16	1VH	L
A64G,G293C	363	2	2	T22A,G98A	False	17	1VH	L
A40G,A260G,C726T,C763T	361	4	3	T14A,D87G,R255C	False	18	1VH	L
C199T,A276G,T578C,A624G,A693G,T801A	354	6	3	H67Y,M193T,D267E	False	19	1VH	L
C471G,T486C,C688G	353	3	1	L230V	False	20	1VH	L
A48T,G317A	352	2	1	G106D	False	21	1VH	L
A124C,T537C	352	2	1	I42L	False	22	1VH	L
T186C,T210A,C614T	348	3	1	A205V	False	23	1VH	L
A150T,G462A,T486C	340	3	0	*0*	False	24	1VH	L
G43T,T147A,A328G,A624G,A644G	340	5	4	A15S,D49E,T110A,E215G	False	25	1VH	L
T81C,C409T,C433T,T476C	339	4	2	P145S,V159A	False	26	1VH	L
A28G,C182T,A432G	338	3	2	M10V,P61L	False	27	1VH	L
A561T,G605A,A682G	337	3	2	S202N,I228V	False	28	1VH	L
A203T,A491T,G588T,C733T,A737G	331	5	4	H68L,D164V,W196C,H246R	False	29	1VH	L
T168A,A203G,T288C,A698T	329	4	2	H68R,Q233L	False	30	1VH	L
C49T,C304T,T398C,A402G	329	4	3	R17C,R102C,V133A	False	31	1VH	L
T34A,T576C,A685G	327	3	2	F12I,M229V	False	32	1VH	L
A48T,A64G,G208T,G235T,A569G,A623G	325	6	5	T22A,G70C,G79C,D190G,E208G	False	33	1VH	L
T204C,A515G,A681G	324	3	1	H172R	False	34	1VH	L
T162C,A500G,A623G,A698G	323	4	3	N167S,E208G,Q233R	False	35	1VH	L
T296C,A625G,A668C	322	3	3	I99T,M209V,E223A	False	36	1VH	L
A198G,A693G,T777C	319	3	0	*0*	False	37	1VH	L
A140G,G217A,A275T,A328T,G472A,C480T,C495A,T552C,T657A,T801C	317	10	5	E47G,A73T,K92I,T110S,D158N	False	38	1VH	L
T744A	317	1	0	*0*	False	39	1VH	L
T15C,C495T,A654T,G735A,C741T	316	5	0	*0*	False	40	1VH	L
G46T,T162A,T215C,A547G,G735A	314	5	4	A16S,D54E,V72A,T183A	False	41	1VH	L
A92T,A353G	313	2	2	D31V,D118G	False	42	1VH	L
T186C,T228C,T719A	312	3	1	F240Y	False	43	1VH	L
C49T,A252G,A431G	310	3	2	R17C,E144G	False	44	1VH	L
A23T	304	1	1	Q8L	False	45	1VH	L
T348C,T381C,C434A	302	3	1	P145Q	False	46	1VH	L
A194G,A742G	302	2	2	N65S,I248V	False	47	1VH	L
A101C,T489A,A787G	298	3	2	E34A,I263V	False	48	1VH	L
T436G,T750C	296	2	1	F146V	False	49	1VH	L
T398C,T597C	296	2	1	V133A	False	50	1VH	L
T171A,T294A,T437C	294	3	2	F57L,F146S	False	51	1VH	L
A692G	293	1	1	K231R	False	52	1VH	L
G145T,T454A,G588T,C740T	291	4	4	D49Y,F152I,W196C,A247V	False	53	1VH	L
A193G,T210A	291	2	1	N65D	False	54	1VH	L
G115A,A275G,C514T,T702A	291	4	3	V39I,K92R,H172Y	False	55	1VH	L
T399C,A517G	290	2	1	S173G	False	56	1VH	L
T315C,A593T,A693G	290	3	1	N198I	False	57	1VH	L
A64T,A165G,T184C,G574T,A757G	290	5	4	T22S,F62L,G192C,S253G	False	58	1VH	L
C42T,T501C	285	2	0	*0*	False	59	1VH	L
A96G,A207T	284	2	0	*0*	False	60	1VH	L
A603G,C628T	283	2	1	H210Y	False	61	1VH	L
T184C,A220G	283	2	2	F62L,T74A	False	62	1VH	L
T507C,A511G,G568A	282	3	2	K171E,D190N	False	63	1VH	L
C182T,T324A,A441G,T449C,T450C,T558C,T651C	282	7	2	P61L,F150S	False	64	1VH	L
A40G,A680G	282	2	2	T14A,K227R	False	65	1VH	L
A57G	281	1	0	*0*	False	66	1VH	L
A59C,A140G,A150G,C640G	280	4	3	H20P,E47G,R214G	False	67	1VH	L
T119C,T306G,C329T,C614T	280	4	3	M40T,T110I,A205V	False	68	1VH	L
G94A,T346C,T393C,T507A	280	4	2	A32T,F116L	False	69	1VH	L
G136A,T545C,A590C,G652A	280	4	4	G46S,L182P,D197A,A218T	False	70	1VH	L
T26C,A146G,A193G,T297C,A328G,T410G	279	6	5	L9P,D49G,N65D,T110A,L137R	False	71	1VH	L
G52A,T69C,T335C,T338C,G345A,A473G,G739A	279	7	5	A18T,F112S,V113A,D158G,A247T	False	72	1VH	L
A96G,T195A,A295G,C688A	279	4	3	N65K,I99V,L230M	False	73	1VH	L
A279G,C409T	279	2	0	*0*	False	74	1VH	L
T551C,A623T,C784T	278	3	2	I184T,E208V	False	75	1VH	L
T81C,A198G,T216C,C366A,A441G	277	5	0	*0*	False	76	1VH	L
G345T,T348C,A402T,A444G,T456C,A698G,T792A	276	7	3	E134D,Q233R,H264Q	False	77	1VH	L
T753C	274	1	0	*0*	False	79	1VH	L
A692T	273	1	1	K231I	False	80	1VH	L
A191T,A198T	273	2	1	K64I	False	81	1VH	L
A54C,T184C,T425C,T683C,C771G	273	5	3	F62L,V142A,I228T	False	82	1VH	L
C12T,T26A,A264G,T308C,T393C,A431G,T540C	271	7	3	L9Q,V103A,E144G	False	83	1VH	L
C370T,T744C	269	2	1	P124S	False	84	1VH	L
C31T,A583G	268	2	2	R11C,M195V	False	85	1VH	L
T185C,A198G	267	2	1	F62S	False	86	1VH	L
T138A,A285G,T420A,A554T	265	4	1	Q185L	False	87	1VH	L
T170C,A198G	263	2	1	F57S	False	88	1VH	L
G139A,T290C	262	2	2	E47K,F97S	False	89	1VH	L
T147C,T296A,G539C,G571A	262	4	3	I99N,G180A,A191T	False	90	1VH	L
G292A,A675T,A681G,T804G	261	4	1	G98S	False	91	1VH	L
G127A,T201A,A254G,T651A	261	4	3	V43I,H67Q,Q85R	False	92	1VH	L
A140G,T258G,T399C,T501A,A515G,T609C,A644G,A714G,T719C	260	9	5	E47G,N167K,H172R,E215G,F240S	False	93	1VH	L
T154C,C174T,G280A	260	3	2	W52R,A94T	False	94	1VH	L
A644G	259	1	1	E215G	False	95	1VH	L
T266C,A396G,T719C	259	3	2	L89P,F240S	False	96	1VH	L
T51C,T126A,T171C,C340T,C421T,A473G,G527A,A707G,T738C	259	9	5	R114C,R141C,D158G,R176H,Q236R	False	97	1VH	L
A61T,A669G	258	2	1	M21L	False	98	1VH	L
A452C,A797G	258	2	2	N151T,E266G	False	99	1VH	L
T204C,T744C	257	2	0	*0*	False	100	1VH	L
A401G,T456A,A459G,T486C	256	4	2	E134G,F152L	False	101	1VH	L
A72G,T113A,T347A,A737T,T785C	256	5	4	I38N,F116Y,H246L,L262P	False	102	1VH	L
A64C,A72G,T410C	254	3	2	T22P,L137P	False	104	1VH	L
A654G,A729G,G739A	254	3	1	A247T	False	105	1VH	L
T81C,A146G,A276G,A328T,A368G,A452G	254	6	4	D49G,T110S,K123R,N151S	False	106	1VH	L
A223T,T227C,T427A,T542A	254	4	4	S75C,V76A,Y143N,F181Y	False	107	1VH	L
T374A,A729G	252	2	1	L125Q	False	108	1VH	L
A59G,T516C,C748T	248	3	2	H20R,R250C	False	109	1VH	L
A122G,T336C,G408A	248	3	1	D41G	False	110	1VH	L
A107G,A118G,T403A,G412A,G658A,T665C,T719C	246	7	7	D36G,M40V,F135I,A138T,A220T,L222P,F240S	False	111	1VH	L
T195C,T320C,A362T,T782C	246	4	3	L107P,D121V,F261S	False	112	1VH	L
T26C,A150G,C181T,T266G,T320C,A459G,A565T	245	7	5	L9P,P61S,L89R,L107P,N189Y	False	113	1VH	L
A158G,A200G,G539A,A550G,G618A,T732C	244	6	4	D53G,H67R,G180D,I184V	False	114	1VH	L
T301C,A376T,T456A,T537C	242	4	3	C101R,T126S,F152L	False	115	1VH	L
G163A,T186C,G355A,A431G	242	4	3	E55K,A119T,E144G	False	116	1VH	L
G208A,A275G,A633G,A655G,A722T	239	5	4	G70S,K92R,I219V,Q241L	False	117	1VH	L
T210C,T426C,T564C,C677T	239	4	1	A226V	False	118	1VH	L
T335A	238	1	1	F112Y	False	119	1VH	L
T195C,T387A,G479A	238	3	2	H129Q,S160N	False	120	1VH	L
A21G,T346A,G555A,T656C,A691G,T789A	238	6	3	F116I,I219T,K231E	False	121	1VH	L
T489C	238	1	0	*0*	False	122	1VH	L
T81C,A592T,A679G,A737T	237	4	3	N198Y,K227E,H246L	False	123	1VH	L
T195G,A311G,G332C,T334C,T335A,T492C	237	6	4	N65K,N104S,R111P,F112H	False	124	1VH	L
T80C,T801A	236	2	2	I27T,D267E	False	125	1VH	L
T213C,A569G,T570C	235	3	1	D190G	False	126	1VH	L
T481A,G817A	234	2	2	Y161N,D273N	False	127	1VH	L
A353G,A459G,T744A	234	3	1	D118G	False	128	1VH	L
T308C,T344A,T405C,G469A	234	4	3	V103A,L115Q,G157S	False	129	1VH	L
A620G	234	1	1	D207G	False	130	1VH	L
A57T,T296C,A513T,A577G,C795T	233	5	4	E19D,I99T,K171N,M193V	False	131	1VH	L
A28T,A45G,C331T,G341A,T507A	233	5	3	M10L,R111C,R114H	False	132	1VH	L
C47T,A96T	232	2	1	A16V	False	133	1VH	L
G139A,C514T,A593G,T738C	232	4	3	E47K,H172Y,N198S	False	134	1VH	L
T227A,A314T,C514T	231	3	3	V76D,D105V,H172Y	False	135	1VH	L
G235A,T315C,T456A,A593G	230	4	3	G79S,F152L,N198S	False	136	1VH	L
G132A,A263G,A747G	229	3	1	K88R	False	137	1VH	L
G27A,C39T,A105G,G764A	228	4	1	R255H	False	138	1VH	L
A275T,G470C,T521C,A730G	228	4	4	K92I,G157A,F174S,N244D	False	139	1VH	L
A150T,T315C,T584C	227	3	1	M195T	False	140	1VH	L
A260G,T594A	226	2	2	D87G,N198K	False	141	1VH	L
T466A,A620G,T642A	226	3	2	C156S,D207G	False	142	1VH	L
A478T,A668G	225	2	2	S160C,E223G	False	143	1VH	L
T62A,T84C,G183C,A550G	225	4	2	M21K,I184V	False	144	1VH	L
T297C,G361A,A432G	225	3	1	D121N	False	145	1VH	L
T348C,T455C,A515G,T528C,G649A	225	5	3	F152S,H172R,G217S	False	146	1VH	L
A79G,G100A,T204C,G257A,A314G,T381A,T466A,T486C,C549T,T584C,T710C	224	11	7	I27V,E34K,G86D,D105G,C156S,M195T,L237P	False	147	1VH	L
C131G,A178T,A198T,A284G,A369G,A554G,A565T,C670T	224	8	6	P44R,S60C,E95G,Q185R,N189Y,R224C	False	148	1VH	L
T334A,T507C,T738C	224	3	1	F112I	False	149	1VH	L
A251G	224	1	1	E84G	False	150	1VH	L
T768C,A769G	223	2	1	T257A	False	151	1VH	L
A459G,T498C,C532G,G556A,T639C,A747G	222	6	2	L178V,G186S	False	153	1VH	L
C20T,A83T,A369G,A386G,A729G	221	5	3	A7V,H28L,H129R	False	154	1VH	L
A83G,C413T,A624G,G752C,C795A	221	5	3	H28R,A138V,C251S	False	155	1VH	L
T294C,T426C,T476A,A566G	221	4	2	V159D,N189S	False	156	1VH	L
T185C,T346C,G613A	221	3	3	F62S,F116L,A205T	False	157	1VH	L
C648T	220	1	0	*0*	False	158	1VH	L
A158G,A577G,A724T	220	3	3	D53G,M193V,S242C	False	159	1VH	L
C131T,T227A,T289A,T354C,A547G,A698G,C763T	220	7	6	P44L,V76D,F97I,T183A,Q233R,R255C	False	160	1VH	L
A141G	219	1	0	*0*	False	161	1VH	L
A134G,A547G,A633G,A714T	218	4	2	D45G,T183A	False	162	1VH	L
A190G,T621C,T765C	218	3	1	K64E	False	163	1VH	L
T425C,T466C,C790T	218	3	3	V142A,C156R,H264Y	False	164	1VH	L
A57G,A79G,T80C	217	3	1	I27A	False	165	1VH	L
A245G,T258C,T297C,A530G,T765A	216	5	2	Q82R,Q177R	False	166	1VH	L
A200G,C549A,A550T,A603G,A681G	215	5	2	H67R,I184F	False	167	1VH	L
A96G,T390C,T783C,A787G	212	4	1	I263V	False	168	1VH	L
A669G	211	1	0	*0*	False	169	1VH	L
A276G,T308C,T481A,T782C	211	4	3	V103A,Y161N,F261S	False	170	1VH	L
C222T,T425G,A431G	211	3	2	V142G,E144G	False	171	1VH	L
A54G,T657C,T783C	208	3	0	*0*	False	172	1VH	L
T497C	207	1	1	V166A	False	173	1VH	L
C231G,G240T	207	2	1	Q80H	False	174	1VH	L
T237C,A282C,G643A,A747G	207	4	1	E215K	False	175	1VH	L
T114C,T537A	207	2	0	*0*	False	176	1VH	L
C660T,A798G	206	2	0	*0*	False	177	1VH	L
T346C,C358T	206	2	1	F116L	False	178	1VH	L
T309C,T578A	204	2	1	M193K	False	179	1VH	L
G749A	203	1	1	R250H	False	180	1VH	L
A40G,T81C,A239G	202	3	2	T14A,Q80R	False	181	1VH	L
A274G	201	1	1	K92E	False	182	1VH	L
T374C	201	1	1	L125P	False	183	1VH	L
T35C,T138C,A219G,G360A,A396G,A431G,T789C	201	7	2	F12S,E144G	False	184	1VH	L
T123C,T399C,T437C,T609G	201	4	1	F146S	False	185	1VH	L
A111G,T135C,C366T	201	3	0	*0*	False	186	1VH	L
T147C,T407C,T689C,A692T,G699A	201	5	3	L136P,L230P,K231I	False	187	1VH	L
T410C,C446A,T522C,A645G	199	4	2	L137P,P149Q	False	188	1VH	L
T336C,T351A,C495T,T789A	198	4	1	S117R	False	189	1VH	L
G97A,T597C	198	2	1	D33N	False	190	1VH	L
T204C,A254T,A260T,G400A,G588T	197	5	4	Q85L,D87V,E134K,W196C	False	191	1VH	L
T89A,A193G,T398C,A602G,A760G	196	5	5	L30Q,N65D,V133A,E201G,T254A	False	192	1VH	L
T170C,C180T,T213A,T338C,A440G,G767C	196	6	4	F57S,V113A,E147G,R256P	False	193	1VH	L
A111T,A164C,A376T,C684T,A737G	195	5	3	E55A,T126S,H246R	False	194	1VH	L
T34C,C53T,T113C,C130A,T456C,G518C	195	6	5	F12L,A18V,I38T,P44T,S173T	False	195	1VH	L
G382T,T528C,T738A,T744A	194	4	2	G128C,H246Q	False	196	1VH	L
A64T,G224A,G316C,C417G,A638T	193	5	4	T22S,S75N,G106R,Y213F	False	197	1VH	L
T33C,C39G	190	2	0	*0*	False	198	1VH	L
C330A,G535T,T734C,T750C	189	4	2	G179C,L245P	False	199	1VH	L
A87G,G243C,T318C,A547G,A714G	189	5	1	T183A	False	200	1VH	L
T147C,A198T,A727G	189	3	1	K243E	False	201	1VH	L
C357A,A482G	188	2	1	Y161C	False	202	1VH	L
T216C,A252G,T466C,C595T	187	4	2	C156R,R199C	False	203	1VH	L
C628T	186	1	1	H210Y	False	204	1VH	L
C319A,T334A,G360A,A451G,A464G,T642C	184	6	4	L107M,F112I,N151D,H155R	False	205	1VH	L
G361C	184	1	1	D121H	False	206	1VH	L
C371A,C544T,T716C	184	3	2	P124Q,L239P	False	207	1VH	L
C304T,A432G,T449C	184	3	2	R102C,F150S	False	208	1VH	L
A102G,C366A,A415G,C460T	184	4	2	T139A,P154S	False	209	1VH	L
T765C	182	1	0	*0*	False	210	1VH	L
A21G,A192G,T210A,T215C,T777C	180	5	1	V72A	False	212	1VH	L
T33A,A328G,T336A	180	3	2	T110A,F112L	False	213	1VH	L
T354A,T719C,A800G	179	3	3	D118E,F240S,D267G	False	214	1VH	L
T108C,T128C,A563G	179	3	2	V43A,D188G	False	215	1VH	L
T84A,C487T,A754G	178	3	3	H28Q,R163C,T252A	False	216	1VH	L
T425C	178	1	1	V142A	False	217	1VH	L
T171C,T436G,A654G	177	3	1	F146V	False	218	1VH	L
C180A,T204C,A287T,T492A,A515T,T545C,G615A	176	7	5	S60R,Y96F,D164E,H172L,L182P	False	219	1VH	L
A28G,A353G,A432G,A444G,T594A,C726T	175	6	3	M10V,D118G,N198K	False	220	1VH	L
A96C,T147C,C189T,T258C,T380C,C526A	175	6	2	I127T,R176S	False	221	1VH	L
T60C,A165G,G246A,T630C	174	4	0	*0*	False	222	1VH	L
T186C,T215C,A512G,G650A,T702C	173	5	3	V72A,K171R,G217D	False	223	1VH	L
G120A,A203G,T552C,T642C	173	4	2	M40I,H68R	False	224	1VH	L
A141G,A191G,C322T,T656C,A729G	173	5	3	K64R,R108C,I219T	False	225	1VH	L
A353T,A698G,T751C	173	3	3	D118V,Q233R,C251R	False	226	1VH	L
T147A,A440G,C544T	172	3	2	D49E,E147G	False	227	1VH	L
A251G,A328G,T420C,A663T	172	4	2	E84G,T110A	False	228	1VH	L
A54G,T630A,G671A,T734C,T768C,T789A	172	6	3	H210Q,R224H,L245P	False	229	1VH	L
C39G,T466A	170	2	1	C156S	False	230	1VH	L
A146T,A513G	170	2	1	D49V	False	231	1VH	L
C231T,T436C,T476C,C632A	170	4	3	F146L,V159A,A211E	False	232	1VH	L
T672A	170	1	0	*0*	False	233	1VH	L
T486C,G585A,G687A	169	3	2	M195I,M229I	False	234	1VH	L
C42A,T210C	169	2	0	*0*	False	235	1VH	L
A54C	168	1	0	*0*	False	236	1VH	L
T399C	165	1	0	*0*	False	237	1VH	L
T336C,C358T,A444T,A746G,C762T	164	5	1	E249G	False	238	1VH	L
T308C,T336C,A369G,T507C	164	4	1	V103A	False	239	1VH	L
T363C,G375A	164	2	0	*0*	False	240	1VH	L
A48G,A107G,G250A,T346C,C365T	163	5	4	D36G,E84K,F116L,A122V	False	241	1VH	L
T617G	163	1	1	L206R	False	242	1VH	L
A150T,C247T,T466A	161	3	2	R83C,C156S	False	243	1VH	L
A547G,G627C	160	2	2	T183A,M209I	False	244	1VH	L
A75G,C304T,T521A,A681G	159	4	2	R102C,F174Y	False	245	1VH	L
T138C,C225T,A349T,T354C,G631A,T751G	157	6	3	S117C,A211T,C251G	False	246	1VH	L
T129C,A440G	157	2	1	E147G	False	247	1VH	L
A314T	155	1	1	D105V	False	248	1VH	L
G256A,A482G,T498A,A513T,A547T,G767A	155	6	5	G86S,Y161C,K171N,T183S,R256H	False	249	1VH	L
T297C,C505T	154	2	1	P169S	False	250	1VH	L
A198G,A223G,C523T,C607T	153	4	3	S75G,P175S,R203C	False	251	1VH	L
C421T,C740G	152	2	2	R141C,A247G	False	252	1VH	L
A98G,T186C,T477C,A561T,A693G	152	5	1	D33G	False	253	1VH	L
A87G,T126C,A698G,A727G,A737T	152	5	3	Q233R,K243E,H246L	False	254	1VH	L
C110T,G235A,T656C	152	3	3	A37V,G79S,I219T	False	255	1VH	L
A175T,T597C,T689A	152	3	2	S59C,L230Q	False	256	1VH	L
C331T	151	1	1	R111C	False	257	1VH	L
G38A,A45C,A87G,A146T,T195C,C340T	150	6	3	G13D,D49V,R114C	False	258	1VH	L
T186A,A655G,G687A	149	3	3	F62L,I219V,M229I	False	259	1VH	L
C71T,A165G,C221T	148	3	2	A24V,T74I	False	260	1VH	L
T114C,T144A,G600A,C795T	147	4	0	*0*	False	261	1VH	L
A150G,G307A,T347C,A441T	147	4	3	V103I,F116S,E147D	False	262	1VH	L
G166A,A328G,T410C,T540C,T626C,T686C,A742G	146	7	6	G56S,T110A,L137P,M209T,M229T,I248V	False	263	1VH	L
A56G,T69A,A604G,C688G,A692G,G749A	146	6	5	E19G,S202G,L230V,K231R,R250H	False	264	1VH	L
A367G	143	1	1	K123E	False	265	1VH	L
A59T,G234A	141	2	1	H20L	False	266	1VH	L
A140C,T159C,A295G,G535T,A561T	136	5	3	E47A,I99V,G179C	False	267	1VH	L
A172G,T507C	136	2	1	S58G	False	268	1VH	L
T138C,A547T,T570A,T792A	135	4	3	T183S,D190E,H264Q	False	269	1VH	L
A787G	134	1	1	I263V	False	270	1VH	L
T297A,A367G,C446A,C771T	134	4	2	K123E,P149Q	False	271	1VH	L
T212C,C299T,A473T,T501C	133	4	3	V71A,A100V,D158V	False	272	1VH	L
T144C,A414G,A432G,C748A	131	4	1	R250S	False	273	1VH	L
T138G	131	1	0	*0*	False	274	1VH	L
T154C,A513C,T541C	130	3	3	W52R,K171N,F181L	False	275	1VH	L
G103C,T162C	129	2	1	A35P	False	276	1VH	L
C25T,T258C,T483C,C598A,A793G	129	5	2	P200T,T265A	False	277	1VH	L
A67G,A207G,A220G,A276G,G361A,A482G,A554G,A563G,A592T,G711A	127	10	7	I23V,T74A,D121N,Y161C,Q185R,D188G,N198Y	False	278	1VH	L
G50A,T380C,A500G,C548T,T609A	126	5	4	R17H,I127T,N167S,T183I	False	279	1VH	L
C221G,C371T,A517G,T651C	126	4	3	T74S,P124L,S173G	False	281	1VH	L
C20T,T159C,G214A,C300T,A396G,T558G,A669G	124	7	2	A7V,V72I	False	282	1VH	L
A251T	123	1	1	E84V	False	283	1VH	L
T89C,T454C,G557A,G717T,T738C	123	5	3	L30P,F152L,G186D	False	284	1VH	L
A105T,G419C,C443T,A530T	121	4	3	R140P,A148V,Q177L	False	285	1VH	L
T9A,T138C,G631A,A636G,C660T,A698T,A707G	119	7	4	H3Q,A211T,Q233L,Q236R	False	286	1VH	L
A198G,T651C	119	2	0	*0*	False	287	1VH	L
G211A,A287G,A623T,G658A,A692G,A746G	118	6	6	V71I,Y96C,E208V,A220T,K231R,E249G	False	288	1VH	L
A150G,A287G,A396T	114	3	2	Y96C,E132D	False	289	1VH	L
A48G,T438A,A444G,G649A,A685G	114	5	3	F146L,G217S,M229V	False	290	1VH	L
T68C,A111G,A252G	108	3	1	I23T	False	291	1VH	L
A146G,A515G,A565G	107	3	3	D49G,H172R,N189D	False	292	1VH	L
C42G,T89C,A105G,T195C,G305A,T306C,G350A,A414G,G589T	104	9	4	L30P,R102H,S117N,D197Y	False	293	1VH	L
T306C,A563G,G631A,G749A	104	4	3	D188G,A211T,R250H	False	294	1VH	L
A444G,A511G,A729T	102	3	2	K171E,K243N	False	296	1VH	L
A452T,T630C,T777C,A787G	102	4	2	N151I,I263V	False	297	1VH	L
T657C,A818G	101	2	1	D273G	False	298	1VH	L
G91A,C104G,G422A,A577T	2219	4	4	D31N,A35G,R141H,M193L	False	1	1VH	N
A48G,G462A,A512G,A554G,G585A,C595T,T718C	634	7	5	K171R,Q185R,M195I,R199C,F240L	False	2	1VH	N
T542C,A663G,C695T,A714G,G776A	494	5	3	F181S,P232L,G259D	False	3	1VH	N
T213A,T468C,A707G,T710A	406	4	2	Q236R,L237Q	False	4	1VH	N
*0*	389	0	0	*0*	False	5	1VH	N
A263T,T626C	357	2	2	K88I,M209T	False	6	1VH	N
A203G,T216C,T335C,C524T	319	4	3	H68R,F112S,P175L	False	7	1VH	N
T69C,A200G,T227A,G267A,T540C	316	5	2	H67R,V76D	False	8	1VH	N
A200G,A254T,A328T,A389G,A512G,A668G,A675G,A693G	301	8	6	H67R,Q85L,T110S,D130G,K171R,E223G	False	9	1VH	N
A56G,A191G,T201C,T233A,A251G,T338C	297	6	5	E19G,K64R,L78Q,E84G,V113A	False	10	1VH	N
A40G,C66A,G337A,A369G,T719C	292	5	3	T14A,V113I,F240S	False	11	1VH	N
G546A,A712C	291	2	1	T238P	False	12	1VH	N
A23G,A441G,T642C	289	3	1	Q8R	False	13	1VH	N
A92G,C417T,G422C,T502C,A563G	285	5	4	D31G,R141P,W168R,D188G	False	14	1VH	N
G352A,T420G,T586C,T710C	284	4	3	D118N,W196R,L237P	False	15	1VH	N
C174T,G298A,A402G,T449C,G535T,C616T,G735A	281	7	3	A100T,F150S,G179C	False	16	1VH	N
A72G,A112G,A124T,A314G,T347C,T545C,A612G,A693G,T702A	275	9	5	I38V,I42F,D105G,F116S,L182P	False	17	1VH	N
A254G,T507A,A530G,C573T	271	4	2	Q85R,Q177R	False	18	1VH	N
T184C,T347C,T522G,T743C	271	4	4	F62L,F116S,F174L,I248T	False	19	1VH	N
T151C,T586G,A654T,A724G	269	4	3	W51R,W196G,S242G	False	20	1VH	N
T520C,A669G,C736G,T782C,A791G	266	5	4	F174L,H246D,F261S,H264R	False	21	1VH	N
G30A,T89C,A353T,T450C,T743C,A772T	264	6	5	M10I,L30P,D118V,I248T,M258L	False	22	1VH	N
T116C,G173A,C331T,T374C,C677T,T689C	264	6	6	V39A,S58N,R111C,L125P,A226V,L230P	False	24	1VH	N
C17G,G132A,A134G,G167A,T398A	263	5	4	P6R,D45G,G56D,V133D	False	25	1VH	N
A105G,A220G,C356A,C418T,G608A,A727G,A731G	259	7	6	T74A,A119D,R140C,R203H,K243E,N244S	False	26	1VH	N
T374C,G556A,A760G	257	3	3	L125P,G186S,T254A	False	27	1VH	N
A57G,T154C,G397A	255	3	2	W52R,V133I	False	28	1VH	N
A48G,A75G,T89A,A141G,T147C,A260T,A493G,A623T	251	8	4	L30Q,D87V,T165A,E208V	False	29	1VH	N
T26G,A57G,C66T,A698G,G704A	251	5	3	L9R,Q233R,G235D	False	30	1VH	N
T119C,C434A,T545C,T683C,A730C,A791G	246	6	6	M40T,P145Q,L182P,I228T,N244H,H264R	False	32	1VH	N
C88T,A200G,T270C,T342C,A396T,A566G,G775A,T789C	245	8	4	H67R,E132D,N189S,G259S	False	33	1VH	N
A164C,T204C,C247T,A722C	245	4	3	E55A,R83C,Q241P	False	34	1VH	N
G50T,A140T,G173A,A629G	240	4	4	R17L,E47V,S58N,H210R	False	35	1VH	N
T113C,T159C	233	2	1	I38T	False	36	1VH	N
C206T,T346C,T466C,T545A,A563G	232	5	5	A69V,F116L,C156R,L182Q,D188G	False	37	1VH	N
T374C	232	1	1	L125P	False	38	1VH	N
A198T,A200G,T215G,T347C,G435A	229	5	3	H67R,V72G,F116S	False	39	1VH	N
T51C,A376G,G574A,A707G,A769G	226	5	4	T126A,G192S,Q236R,T257A	False	41	1VH	N
C378T,G608A	218	2	1	R203H	False	42	1VH	N
C31T,A737G,C794T	216	3	3	R11C,H246R,T265I	False	43	1VH	N
A252T,A376G,C443T,A563T	215	4	4	E84D,T126A,A148V,D188V	False	44	1VH	N
C31T,G139A,A623G,T639C,T716A	213	5	4	R11C,E47K,E208G,L239Q	False	45	1VH	N
A54G,A56G,A254T,T320C,A577G,A654G,T710A,A728G,A797G	211	9	7	E19G,Q85L,L107P,M193V,L237Q,K243R,E266G	False	46	1VH	N
A101G,T108C,G323C,G752A	210	4	3	E34G,R108P,C251Y	False	47	1VH	N
A603T	209	1	1	E201D	False	48	1VH	N
T320C,G574T	209	2	2	L107P,G192C	False	49	1VH	N
G115A,G313A,A500G,A624G	208	4	3	V39I,D105N,N167S	False	50	1VH	N
A61G,A134G,T249C,T387C,T521C,G571A,A590G	208	7	5	M21V,D45G,F174S,A191T,D197G	False	51	1VH	N
C340T,A376G,T403C,A432G,A459T,A602G,G703A,C762T	207	8	5	R114C,T126A,F135L,E201G,G235S	False	52	1VH	N
T147C,G224C,A245G,T481A,C506A,A612G	207	6	4	S75T,Q82R,Y161N,P169H	False	53	1VH	N
A191G,T201C,T541C,A620G	206	4	3	K64R,F181L,D207G	False	54	1VH	N
T170C,G208A,T308C,A478T,T483C	206	5	4	F57S,G70S,V103A,S160C	False	55	1VH	N
C17G	205	1	1	P6R	False	56	1VH	N
A274G,T404A,A431G,T497A,A624G,T734A	204	6	5	K92E,F135Y,E144G,V166D,L245Q	False	59	1VH	N
C95T,A376T,G470A	202	3	3	A32V,T126S,G157D	False	60	1VH	N
C47T,T62A,A513G,T541A,A623G,T716C	202	6	5	A16V,M21K,F181I,E208G,L239P	False	61	1VH	N
A203T,A491T,G588T,C733T,A737G	202	5	4	H68L,D164V,W196C,H246R	False	62	1VH	N
T448C,A517G,T710C,T781C	202	4	4	F150L,S173G,L237P,F261L	False	63	1VH	N
T123C,T147C,T290C,A550G,A728G	201	5	3	F97S,I184V,K243R	False	64	1VH	N
T390C,T393C,C736A	200	3	1	H246N	False	66	1VH	N
A220T,T242C,T270A,T564C	199	4	2	T74S,L81P	False	67	1VH	N
A285G,G375A	198	2	0	*0*	False	68	1VH	N
T204C,T288C,C416T,T522C,A681G,G703A,A712G	196	7	3	T139I,G235S,T238A	False	69	1VH	N
T289G,A512G,G546A	196	3	2	F97V,K171R	False	70	1VH	N
A105C,A146G,T212C,A275G,T436C,T497A,A714G	195	7	5	D49G,V71A,K92R,F146L,V166D	False	71	1VH	N
A92G,T185A,A276T,T540C,T552C	193	5	3	D31G,F62Y,K92N	False	72	1VH	N
T129A,T242C	193	2	1	L81P	False	73	1VH	N
A124C,T537C	190	2	1	I42L	False	74	1VH	N
C299T,G361T,C523G,A603G,A663G,C701T,T734A,A760G	189	8	6	A100V,D121Y,P175A,P234L,L245Q,T254A	False	75	1VH	N
T551C,T718C	189	2	2	I184T,F240L	False	76	1VH	N
A40T,A203G,A239T,T242C,C526T	186	5	5	T14S,H68R,Q80L,L81P,R176C	False	77	1VH	N
A28G,A45G,T296A,C329T,A459G,A645G,G703A	186	7	4	M10V,I99N,T110I,G235S	False	78	1VH	N
T537A,C688T,T710C	185	3	1	L237P	False	79	1VH	N
T242A,A451G,C606T,C614A	183	4	3	L81Q,N151D,A205E	False	80	1VH	N
C299T,A369G,A645G,T716A	183	4	2	A100V,L239Q	False	82	1VH	N
T154G,T270C,T502C,G618C	182	4	2	W52G,W168R	False	83	1VH	N
G90A,A287T,G579A	182	3	2	Y96F,M193I	False	84	1VH	N
G148C,T289C,A633G	181	3	2	A50P,F97L	False	85	1VH	N
C177T,T215C,T410A,C487T,A517G,A625G	179	6	5	V72A,L137Q,R163C,S173G,M209V	False	86	1VH	N
T99C,A164T,A190G,T410A,T716A	179	5	4	E55V,K64E,L137Q,L239Q	False	87	1VH	N
C326G,A464T,T617C,A636G,G739A,T765C,C770T	176	7	5	T109S,H155L,L206P,A247T,T257I	False	89	1VH	N
T36A,C58T,A284G,C322A,C356G	175	5	5	F12L,H20Y,E95G,R108S,A119G	False	90	1VH	N
T374C,C445T,T781C	172	3	3	L125P,P149S,F261L	False	91	1VH	N
A362G,T454C,T785C	172	3	3	D121G,F152L,L262P	False	92	1VH	N
A140G,A441G,T450C,A500G,G619A	172	5	3	E47G,N167S,D207N	False	93	1VH	N
A102G,A729G,G796A	170	3	1	E266K	False	94	1VH	N
T170C,A190G,A192G,G267A,T456A,A561T,A602C,T665C	170	8	5	F57S,K64E,F152L,E201A,L222P	False	95	1VH	N
A78T,T497C,G735A,T788C	168	4	2	V166A,I263T	False	96	1VH	N
T195C,A239G,A245G,G350A,T468C,A644G	167	6	4	Q80R,Q82R,S117N,E215G	False	97	1VH	N
A141G,T410C,C445G,C446T,T718C	166	5	3	L137P,P149V,F240L	False	98	1VH	N
T269C,A369G,C660T,T782C	166	4	2	V90A,F261S	False	99	1VH	N
T69C,T626A,A724G	165	3	2	M209K,S242G	False	100	1VH	N
G400A	165	1	1	E134K	False	101	1VH	N
A45G,T338C,G556T,G559C,T651A,T785C	164	6	4	V113A,G186C,A187P,L262P	False	102	1VH	N
C42T,G457A,T540C,A550G,A561T	163	5	2	A153T,I184V	False	103	1VH	N
A67G,T438A,A547C,T665C	163	4	4	I23V,F146L,T183P,L222P	False	104	1VH	N
T216C,A239G,A367G,A691G	160	4	3	Q80R,K123E,K231E	False	105	1VH	N
C331T,A620G,T720C	159	3	2	R111C,D207G	False	107	1VH	N
A122T,T147C,T346C,A500G,T520C,G527A	158	6	5	D41V,F116L,N167S,F174L,R176H	False	108	1VH	N
G100A,T170C,G183A,T201C,C225T,G248A	155	6	3	E34K,F57S,R83H	False	110	1VH	N
A245G,A818T	155	2	2	Q82R,D273V	False	111	1VH	N
A260G,A395T,A482G,A547G,A590G,T710C	154	6	6	D87G,E132V,Y161C,T183A,D197G,L237P	False	112	1VH	N
T26C,A200C,C225T,A245T,G490A,T672C	152	6	4	L9P,H67P,Q82L,D164N	False	114	1VH	N
T380C,T398C,C406A,A500G,G615A,T783C	152	6	4	I127T,V133A,L136M,N167S	False	115	1VH	N
A87G,T227C,T286C,A754G,T792C	151	5	3	V76A,Y96H,T252A	False	117	1VH	N
T138C,T651C,T686A,T751C,T804G	151	5	2	M229K,C251R	False	118	1VH	N
A190G,A459T,T584A,A698G,A747G	150	5	3	K64E,M195K,Q233R	False	119	1VH	N
A452G,A459G,A482G,T586C,G708A	150	5	3	N151S,Y161C,W196R	False	120	1VH	N
C278G,G475A	149	2	2	A93G,V159I	False	121	1VH	N
G103A,C230T,T509C,A530G,A800G	149	5	5	A35T,T77I,L170P,Q177R,D267G	False	122	1VH	N
G589A	148	1	1	D197N	False	124	1VH	N
C82T,T185C,A392G,A440G,T578C	147	5	5	H28Y,F62S,Y131C,E147G,M193T	False	125	1VH	N
C247A,T502C	147	2	2	R83S,W168R	False	126	1VH	N
T186C,G243A,T351A,T387C,G408A,T545C,T765C	146	7	2	S117R,L182P	False	127	1VH	N
A279G,T306A,T481C,T498G,T545C	146	5	2	Y161H,L182P	False	128	1VH	N
C189A,A192G,T420G,T542A,G652C,T716A,C756A,A793G	144	8	4	F181Y,A218P,L239Q,T265A	False	129	1VH	N
T26A,T51A,A107G,A279G,C460T,A604G,A654G,C778T,T801A	143	9	5	L9Q,D36G,P154S,S202G,D267E	False	130	1VH	N
G302A,T324C,T334C,T789A	141	4	2	C101Y,F112L	False	132	1VH	N
A21G,T351C	141	2	0	*0*	False	134	1VH	N
G32A,G50A,G559T,T617C,A724G	140	5	5	R11H,R17H,A187S,L206P,S242G	False	135	1VH	N
A602T,A624G	139	2	1	E201V	False	136	1VH	N
T35C,G50A,A192G,C202T,G208A,T407C,T768C	139	7	5	F12S,R17H,H68Y,G70S,L136P	False	137	1VH	N
A64G,T258A,T528C,A603G,G661A,G696A	139	6	2	T22A,A221T	False	138	1VH	N
A737G	138	1	1	H246R	False	139	1VH	N
G248A,A389C,T507C,T537A	137	4	2	R83H,D130A	False	140	1VH	N
T151C,A311G	137	2	2	W51R,N104S	False	141	1VH	N
A54G,A165G,T528C,T621C,A638G,G723A,T768C	137	7	1	Y213C	False	142	1VH	N
A79G,T204C,T338C	136	3	2	I27V,V113A	False	143	1VH	N
T347C,A392G,A707C	135	3	3	F116S,Y131C,Q236P	False	144	1VH	N
T558C,A685G,G775T	134	3	2	M229V,G259C	False	145	1VH	N
T324A,T639C,A655G	134	3	1	I219V	False	146	1VH	N
G94A,T290C,T359A,A376T,A620G,C762T	133	6	5	A32T,F97S,L120Q,T126S,D207G	False	147	1VH	N
T93G,A623G,T779A	133	3	3	D31E,E208G,L260Q	False	148	1VH	N
A473T,T586G,T657G	132	3	3	D158V,W196G,I219M	False	149	1VH	N
A207G,T210C,A386T,T404C,T427C,T521C,G658A,G703T	132	8	6	H129L,F135S,Y143H,F174S,A220T,G235C	False	150	1VH	N
T26C,T657C,C695T,A707G,C741T	131	5	3	L9P,P232L,Q236R	False	151	1VH	N
T291C,T507C	130	2	0	*0*	False	152	1VH	N
G235T,G527A	128	2	2	G79C,R176H	False	154	1VH	N
C39T,T185C,T201C,T344C,T363A,G382A,C421A,C695A	127	8	6	F62S,L115P,D121E,G128S,R141S,P232Q	False	156	1VH	N
A141G,T185C,T384A,T545C,C705T,C740T,A747G	127	7	3	F62S,L182P,A247V	False	157	1VH	N
A362G,T541C,C607T,A746T	126	4	4	D121G,F181L,R203C,E249V	False	158	1VH	N
G32A,T216C,T312C,T477C,A478G,A663G	126	6	2	R11H,S160G	False	159	1VH	N
G557A,A737G	126	2	2	G186D,H246R	False	160	1VH	N
T125C,A252G,G298A,A464G,T474C,T507C,T533C,A635G	124	8	5	I42T,A100T,H155R,L178P,E212G	False	161	1VH	N
T333C,C421G,A512G,A693G	123	4	2	R141G,K171R	False	162	1VH	N
T320C,A515T,G538C	122	3	3	L107P,H172L,G180R	False	163	1VH	N
T347C,G422A,A440G,A722T	122	4	4	F116S,R141H,E147G,Q241L	False	164	1VH	N
A78T,G422C	121	2	1	R141P	False	165	1VH	N
A72G,A78G,G183C,C188A,T195C,T404C,T765C	119	7	2	T63N,F135S	False	167	1VH	N
T99A,A262G,A441T,T449C,C526T,G610A	119	6	6	D33E,K88E,E147D,F150S,R176C,A204T	False	168	1VH	N
T135A,A175T,T347C,A499G,T537G,A655G,A729T	118	7	6	D45E,S59C,F116S,N167D,I219V,K243N	False	169	1VH	N
C11T,A254T,G518T,T642C,A722G	117	5	4	T4I,Q85L,S173I,Q241R	False	170	1VH	N
A451G,T558C,A563G,C640T,T719C,A727G	115	6	5	N151D,D188G,R214C,F240S,K243E	False	171	1VH	N
T449C,C678T,A742C	114	3	2	F150S,I248L	False	173	1VH	N
T269C,A583G	113	2	2	V90A,M195V	False	174	1VH	N
A64T,A191C,C247T,A284G,T489C,C705T	111	6	4	T22S,K64T,R83C,E95G	False	175	1VH	N
T123C,A161G,C659G,G704T,T789C,A798G	109	6	3	D54G,A220G,G235V	False	176	1VH	N
G115A,T144A,C446A,T502A	108	4	3	V39I,P149Q,W168R	False	177	1VH	N
T266A,A314G,T335C	104	3	3	L89Q,D105G,F112S	False	178	1VH	N
A107T,T781C	102	2	2	D36V,F261L	False	179	1VH	N
T436C,T720C,A724G	102	3	2	F146L,S242G	False	180	1VH	N
*0*	6378	0	0	*0*	False	1	2L	H
A21G,G55A,A663G,A675G	2072	4	1	E19K	False	2	2L	H
A295G	1955	1	1	I99V	False	3	2L	H
A75G,A191G,A386G,T423G,G687A	1949	5	3	K64R,H129R,M229I	False	4	2L	H
T391C,A612G	1866	2	1	Y131H	False	5	2L	H
A386G,A636G	1783	2	1	H129R	False	6	2L	H
A566G,T621C	1763	2	1	N189S	False	7	2L	H
C327T,A746G	1725	2	1	E249G	False	8	2L	H
T423C	1724	1	0	*0*	False	9	2L	H
A219G,A441G,T456C,T783C	1716	4	0	*0*	False	10	2L	H
A87T,A165G,T296C,C670A	1697	4	2	I99T,R224S	False	11	2L	H
A728G	1688	1	1	K243R	False	12	2L	H
T93C,T399C,C616T	1663	3	0	*0*	False	13	2L	H
T420A	1555	1	0	*0*	False	14	2L	H
T336C,T351C,T465C	1433	3	0	*0*	False	15	2L	H
T387G	1390	1	1	H129Q	False	16	2L	H
G27A,T159C,T333C	1353	3	0	*0*	False	17	2L	H
A105T,A285G	1306	2	0	*0*	False	18	2L	H
T651C	1296	1	0	*0*	False	19	2L	H
T147C,A263G,T315C,T391C	1285	4	2	K88R,Y131H	False	20	2L	H
A48G	1283	1	0	*0*	False	21	2L	H
A262G,C357T,T437C,A500G	1253	4	3	K88E,F146S,N167S	False	22	2L	H
C66T,C241T	1212	2	0	*0*	False	23	2L	H
*0*	1365	0	0	*0*	False	1	2L	P
A75G	775	1	0	*0*	False	2	2L	P
T258C,T426C,G735C	425	3	0	*0*	False	3	2L	P
T201C	422	1	0	*0*	False	4	2L	P
T159C,A194G,T387C	413	3	1	N65S	False	5	2L	P
A191G,G462C,T492C,T497C	411	4	2	K64R,V166A	False	6	2L	P
T456C	400	1	0	*0*	False	7	2L	P
A21G,T363C,C762A	394	3	0	*0*	False	8	2L	P
T387C,T426C,G723A,C756G	382	4	0	*0*	False	9	2L	P
C197A,A220G,T801A	381	3	3	A66E,T74A,D267E	False	10	2L	P
T93C,A105G	381	2	0	*0*	False	11	2L	P
G132T,C326T,T468C,A685G,A714G	378	5	2	T109I,M229V	False	12	2L	P
T315G,A515G,A760G	377	3	3	D105E,H172R,T254A	False	13	2L	P
T36C,T426A,T486C	376	3	0	*0*	False	14	2L	P
A54G	373	1	0	*0*	False	15	2L	P
T126C	373	1	0	*0*	False	16	2L	P
C58T,T483C,T497A,T594C	367	4	2	H20Y,V166D	False	17	2L	P
T750C	365	1	0	*0*	False	18	2L	P
T215C,T216C	354	2	1	V72A	False	19	2L	P
G676A	353	1	1	A226T	False	20	2L	P
A513G,G767A	352	2	1	R256H	False	21	2L	P
A78T,A220T,G375A	338	3	1	T74S	False	22	2L	P
T93C,T168C	329	2	0	*0*	False	23	2L	P
A102G,C471T	325	2	0	*0*	False	24	2L	P
A79G,A111G,T393C,G580A,C632T,A663C	320	6	3	I27V,V194I,A211V	False	25	2L	P
C42T,T204C	318	2	0	*0*	False	26	2L	P
A21G,G442A,C660T,C726T,T753C	316	5	1	A148T	False	27	2L	P
C188T,A669G	299	2	1	T63I	False	28	2L	P
A432G,A515T	298	2	1	H172L	False	29	2L	P
A178G	295	1	1	S60G	False	30	2L	P
A134G,A554G,C694T	295	3	3	D45G,Q185R,P232S	False	31	2L	P
T339C	287	1	0	*0*	False	32	2L	P
T185C,C273T,A515G,T710A,G767C,T779C	251	6	5	F62S,H172R,L237Q,R256P,L260P	False	33	2L	P
T777C	246	1	0	*0*	False	34	2L	P
C366T,C684T,G717A	230	3	0	*0*	False	35	2L	P
C241T,G673A	217	2	1	A225T	False	36	2L	P
T126A,A757G	205	2	1	S253G	False	37	2L	P
*0*	1497	0	0	*0*	False	1	2L	L
C17G,C74T,A78T,T204C,C241T,T249C,T297C,A500G,T584C	395	9	4	P6R,A25V,N167S,M195T	False	2	2L	L
C66T,A260G,T456C,A645G,T734C	336	5	2	D87G,L245P	False	3	2L	L
A105G,A714G	311	2	0	*0*	False	4	2L	L
A198T,T407C,A646G	310	3	2	L136P,T216A	False	5	2L	L
A45C,T184C,T642C,T683C	304	4	2	F62L,I228T	False	6	2L	L
A140T,T581C	302	2	2	E47V,V194A	False	7	2L	L
C17G,A747G	301	2	1	P6R	False	8	2L	L
A67G,T216C,G424C,T474C	298	4	2	I23V,V142L	False	9	2L	L
T212C,A275G,C331A,T702G	296	4	3	V71A,K92R,R111S	False	10	2L	L
A561T,A636G,A680G,G802A	294	4	2	K227R,G268S	False	11	2L	L
T128C,A219G,T498C	294	3	1	V43A	False	12	2L	L
A287G,T637A,A798G	290	3	2	Y96C,Y213N	False	13	2L	L
A285G,T405C,C526A,A592G,A603G,T637C,A800G	290	7	4	R176S,N198D,Y213H,D267G	False	14	2L	L
T29C,G317A	279	2	2	M10T,G106D	False	15	2L	L
T476C	278	1	1	V159A	False	16	2L	L
G412A,C664G,T683C	268	3	3	A138T,L222V,I228T	False	17	2L	L
C65A,T185C,T621C	265	3	2	T22N,F62S	False	18	2L	L
A251G,T258C,T312C,G484A,A625G,A663G	260	6	3	E84G,G162S,M209V	False	19	2L	L
T227C	255	1	1	V76A	False	20	2L	L
A207G	255	1	0	*0*	False	21	2L	L
T129C,C182T,A491G	253	3	2	P61L,D164G	False	22	2L	L
T80C,G94C,C709G,T738G,C795T	253	5	4	I27T,A32P,L237V,H246Q	False	23	2L	L
G605A,A675G,T683C	252	3	2	S202N,I228T	False	24	2L	L
A512G,A620G	251	2	2	K171R,D207G	False	25	2L	L
A57G,A207T	249	2	0	*0*	False	27	2L	L
A161G,A251G,T266C,T359A,T584A,A798G	249	6	5	D54G,E84G,L89P,L120Q,M195K	False	28	2L	L
G345C,T788C	248	2	1	I263T	False	29	2L	L
T93C,T351C	248	2	0	*0*	False	30	2L	L
G268T,T348C,A376G,T391C,T537C,G752A	248	6	4	V90F,T126A,Y131H,C251Y	False	31	2L	L
C49T,A260G,T782C,T783C,C794T	245	5	4	R17C,D87G,F261S,T265I	False	32	2L	L
A14G,A87T,C480A,A644G	244	4	3	Y5C,S160R,E215G	False	33	2L	L
G196A,A276T,T291C,T297C,G361T,T405C,A473G,T617C,A654G,A722G	244	10	6	A66T,K92N,D121Y,D158G,L206P,Q241R	False	34	2L	L
C42T,A276G,T306A	243	3	0	*0*	False	35	2L	L
A722G	240	1	1	Q241R	False	36	2L	L
C142T,G163A,A193G,T242C,T288C,T474C,T489C,C688G	239	8	5	R48C,E55K,N65D,L81P,L230V	False	37	2L	L
G30A,A158G,T384C,A512G	239	4	3	M10I,D53G,K171R	False	38	2L	L
T123C,T144C,A491T	238	3	1	D164V	False	39	2L	L
T210C,C421T,A452G,A482T,A500G,G704A	236	6	5	R141C,N151S,Y161F,N167S,G235D	False	40	2L	L
T537C,A728G	235	2	1	K243R	False	41	2L	L
C433T,T448C	234	2	2	P145S,F150L	False	42	2L	L
A219G,T306C,T420C,A431T	234	4	1	E144V	False	43	2L	L
T80C,A376G,T734A,A742G	234	4	4	I27T,T126A,L245Q,I248V	False	44	2L	L
A57T,A102G,T119C,T384A	234	4	2	E19D,M40T	False	45	2L	L
G94A,T162C,T286C,C795A	233	4	2	A32T,Y96H	False	46	2L	L
A28T,A134G,G211A,A604G,A712G	233	5	5	M10L,D45G,V71I,S202G,T238A	False	47	2L	L
T169C,T213C,G345A	233	3	1	F57L	False	48	2L	L
A655G,A714C	233	2	1	I219V	False	49	2L	L
T346C,A459G,A623G	232	3	2	F116L,E208G	False	50	2L	L
A629G	231	1	1	H210R	False	51	2L	L
A459G	230	1	0	*0*	False	52	2L	L
T99A,T169A,A191G	230	3	3	D33E,F57I,K64R	False	53	2L	L
T227C,T249C,T258C,A353C	229	4	2	V76A,D118A	False	54	2L	L
A140G,T436C,A612G	229	3	2	E47G,F146L	False	55	2L	L
T26A,A101T,A624G	228	3	2	L9Q,E34V	False	56	2L	L
T35A,A714G,A722G	224	3	2	F12Y,Q241R	False	57	2L	L
A105G,T162C,A368G,C434T,T732C	224	5	2	K123R,P145L	False	58	2L	L
T51C,A61G,A396G	224	3	1	M21V	False	59	2L	L
C20T,T35C,T306C,T455C,T639C,T789A,T801C	223	7	3	A7V,F12S,L152P	False	60	2L	L
G100A,A146G,T169C,T393C,A415G,T683C,T710C	223	7	6	E34K,D49G,F57L,T139A,I228T,L237P	False	61	2L	L
A75T,T84A,T169C,T486C,T720C,T777C	223	6	2	H28Q,F57L	False	62	2L	L
T29C,G559A,G608A,T716C	223	4	4	M10T,A187T,R203H,L239P	False	63	2L	L
A122G,A175G,T185C,T403C,A482G	221	5	5	D41G,S59G,F62S,F135L,Y161C	False	65	2L	L
T128C,T215A,C526T	220	3	3	V43A,V72D,R176C	False	66	2L	L
G76A,A112T,A134T,T242C,A264G	219	5	4	A26T,I38F,D45V,L81P	False	67	2L	L
A101G,G596T,C607T,T665C	218	4	4	E34G,R199L,R203C,L222P	False	68	2L	L
A275G,A722G,A757T	217	3	3	K92R,Q241R,S253C	False	69	2L	L
A252G,G661A	216	2	1	A221T	False	70	2L	L
T33C,T403C,A515G	215	3	2	F135L,H172R	False	71	2L	L
G38T,A757T	215	2	2	G13V,S253C	False	72	2L	L
A40G,T410C,T426C,A440G,C461T,T533C	215	6	5	T14A,L137P,E147G,P154L,L178P	False	73	2L	L
T425C,C526A	214	2	2	V142A,R176S	False	74	2L	L
T170C	214	1	1	F57S	False	75	2L	L
G32A,A192G,C199T,T425C,T732C	213	5	3	R11H,H67Y,V142A	False	76	2L	L
A612G,A655G,A698G,A707G,A714G	213	5	3	I219V,Q233R,Q236R	False	77	2L	L
G661C,A760G,T789A	213	3	2	A221P,T254A	False	78	2L	L
T609G,A682G	212	2	1	I228V	False	79	2L	L
T184C	212	1	1	F62L	False	80	2L	L
A124G,A328G,C366A,A565G	211	4	3	I42V,T110A,N189D	False	81	2L	L
G97T,T108A,A146G,A693G	211	4	3	D33Y,D36E,D49G	False	82	2L	L
A124G,A491T	210	2	2	I42V,D164V	False	83	2L	L
A45G,A219G,C677G	210	3	1	A226G	False	84	2L	L
T171C,T213C,A452G,A459T,T528C,C599T,A636G	209	7	2	N151S,P200L	False	85	2L	L
T33C,A441G	209	2	0	*0*	False	86	2L	L
C413T,T501C,T540C	209	3	1	A138V	False	87	2L	L
T36A,T336C,T344C,A386G,A547G,A669G	208	6	4	F12L,L115P,H129R,T183A	False	88	2L	L
T68C,T128G,A276G,A432G	208	4	2	I23T,V43G	False	89	2L	L
C31A,T210A,A603T	208	3	2	R11S,E201D	False	90	2L	L
G302A,T521C,A530G,G641A	208	4	4	C101Y,F174S,Q177R,R214H	False	91	2L	L
T99C,C231A,A284G,A414G,A440G,A747G,T768C	208	7	2	E95G,E147G	False	92	2L	L
A165G,A395G,T404C,C548T	207	4	3	E132G,F135S,T183I	False	93	2L	L
T138C,A376G,A513G,G556C,C599T,T651A	207	6	3	T126A,G186R,P200L	False	94	2L	L
A635G	206	1	1	E212G	False	95	2L	L
T233C,T545A,T630C,T710C,G752A	206	5	4	L78P,L182Q,L237P,C251Y	False	96	2L	L
G205A,A431T,A685G	206	3	3	A69T,E144V,M229V	False	97	2L	L
A67T,G109A,T297C,C421T,A724G	205	5	4	I23F,A37T,R141C,S242G	False	98	2L	L
A102G,A276G,T734C,A737G	205	4	2	L245P,H246R	False	99	2L	L
G166A,A276G,T438C	205	3	1	G56S	False	100	2L	L
T743C	205	1	1	I248T	False	101	2L	L
T291A,T609A,A707G	204	3	2	F97L,Q236R	False	102	2L	L
A440G	204	1	1	E147G	False	103	2L	L
A79G,G411A,A769G	203	3	2	I27V,T257A	False	104	2L	L
T81C,A239G,A251G,A252G,A275G,A769G	203	6	4	Q80R,E84G,K92R,T257A	False	105	2L	L
T732C	203	1	0	*0*	False	106	2L	L
T520C	203	1	1	F174L	False	107	2L	L
A593T,A663G,A727G,T783C,T804G	203	5	2	N198I,K243E	False	108	2L	L
A252G,T288C,A459G,C795T	202	4	0	*0*	False	109	2L	L
T29C,G120A,A146G,T213C,A395G,A396G,C653T,G708A,A728G,T744C	201	10	6	M10T,M40I,D49G,E132G,A218V,K243R	False	110	2L	L
A577G,A722T,G749A	200	3	3	M193V,Q241L,R250H	False	111	2L	L
A722G,T785C,T789C	200	3	2	Q241R,L262P	False	112	2L	L
T621A	200	1	1	D207E	False	113	2L	L
C44T,T169C,C247T,A620G,C748T	200	5	5	A15V,F57L,R83C,D207G,R250C	False	114	2L	L
C659T,A669G	200	2	1	A220V	False	115	2L	L
T26A,C110T,C177T,A275G,T301A,T425C,G490C,A554G	199	8	7	L9Q,A37V,K92R,C101S,V142A,D164H,Q185R	False	116	2L	L
G132T,C218A,A625G	199	3	2	A73E,M209V	False	117	2L	L
T84C,T387A,T391A	199	3	2	H129Q,Y131N	False	118	2L	L
A604T	199	1	1	S202C	False	119	2L	L
T33C,G256C	199	2	1	G86R	False	120	2L	L
T591C,A635G,A644G,C726T,T785A	198	5	3	E212G,E215G,L262Q	False	121	2L	L
T308A	198	1	1	V103D	False	122	2L	L
C131A,T312C,T342C,A729G,A730G,A742C,A787G	197	7	4	P44Q,N244D,I248L,I263V	False	123	2L	L
T60C,A96G,T242C,T324C,T344A,A566G	196	6	3	L81P,L115Q,N189S	False	124	2L	L
C86G,T266C,T768C	195	3	2	A29G,L89P	False	125	2L	L
C88A,G809T	195	2	2	L30M,R270L	False	126	2L	L
A464G,G571C,T578C,G613A,A646G,A730G	195	6	6	H155R,A191P,M193T,A205T,T216A,N244D	False	127	2L	L
A54G,G292T,G302A,T346G,G618C	195	5	3	G98C,C101Y,F116V	False	128	2L	L
G37T,A57G,C494A	195	3	2	G13C,T165N	False	129	2L	L
T237A,A392G	195	2	1	Y131C	False	130	2L	L
T621C,A646G,T689C,C695T	194	4	3	T216A,L230P,P232L	False	131	2L	L
A279G,T522C,A602G,T626C,C794G	193	5	3	E201G,M209T,T265S	False	132	2L	L
T334C,A515G,T768C	193	3	2	F112L,H172R	False	134	2L	L
T296C,T390C,T545C,A800G	193	4	3	I99T,L182P,D267G	False	135	2L	L
T216C,A284T,T334C,T359A,C458T,A722G	193	6	5	E95V,F112L,L120Q,A153V,Q241R	False	136	2L	L
A550T,T551C	193	2	1	I184S	False	137	2L	L
C53T,A414G,A624G,C632T,A668G,T753C	192	6	3	A18V,A211V,E223G	False	138	2L	L
C71T,A165G,A190G,T249A,A282G,T289C,C418T,A464G	192	8	5	A24V,K64E,F97L,R140C,H155R	False	139	2L	L
A282G,T306C,G355T,T516C,C733A,T789C	192	6	2	A119S,L245M	False	140	2L	L
G535A,C659G,G703A,T716C,A727G	192	5	5	G179S,A220G,G235S,L239P,K243E	False	142	2L	L
T338C,A633G,C670T,C756T	191	4	2	V113A,R224C	False	143	2L	L
T93C,T138C,T334C,T492A	191	4	2	F112L,D164E	False	144	2L	L
A21T,A165G,A757G	190	3	1	S253G	False	145	2L	L
C197T,T381C,A668G	189	3	2	A66V,E223G	False	146	2L	L
T427C,G652A	189	2	2	Y143H,A218T	False	147	2L	L
T354C,C532A,A635T,A747G	189	4	2	L178M,E212V	False	148	2L	L
C17T,A220G	188	2	2	P6L,T74A	False	149	2L	L
A75G,C548T,C560T	188	3	2	T183I,A187V	False	150	2L	L
A79T,T291C,A452G,A625G	188	4	3	I27F,N151S,M209V	False	151	2L	L
T449C	188	1	1	F150S	False	152	2L	L
G183A,A645G,T718C	188	3	1	F240L	False	153	2L	L
A161G,T266C	188	2	2	D54G,L89P	False	154	2L	L
C225T,T410C	187	2	1	L137P	False	156	2L	L
T36C,T296C,T346C,C446A,G472A,A554G	187	6	5	I99T,F116L,P149Q,D158N,Q185R	False	157	2L	L
C131T,A264G,T743C,T768C,T783C	186	5	2	P44L,I248T	False	158	2L	L
A101T,T144C,A395G,T509C	186	4	3	E34V,E132G,L170P	False	159	2L	L
A102G,T290C,T334C,G350A,C526A,T597C	186	6	4	F97S,F112L,S117N,R176S	False	160	2L	L
A275T,G293A,A629G	186	3	3	K92I,G98D,H210R	False	163	2L	L
A72G,A96G,T309C	185	3	0	*0*	False	164	2L	L
C149T,G313C,T683C,G696T	185	4	3	A50V,D105H,I228T	False	165	2L	L
T481C,A561G,T586C,A646G	185	4	3	Y161H,W196R,T216A	False	166	2L	L
T26C,C31G,G106T,T184C,T296C,T489A,G676A	184	7	6	L9P,R11G,D36Y,F62L,I99T,A226T	False	167	2L	L
T114C,A396G,A547G,A645G	184	4	1	T183A	False	168	2L	L
G372A	184	1	0	*0*	False	169	2L	L
T144C,A285G,G382C,A396G,A441G,A636G,T777C	183	7	1	G128R	False	170	2L	L
T407C,A441G,T477C	182	3	1	L136P	False	171	2L	L
A150G,T228A,G556T,A623G,A737G	182	5	3	G186C,E208G,H246R	False	172	2L	L
T380C,G382A,G758A	181	3	3	I127T,G128S,S253N	False	173	2L	L
T114C,A191G,A207G,T342A,A376T,A800G	181	6	3	K64R,T126S,D267G	False	174	2L	L
T51A,A72G,T81A,T135A,T185C,T351G,A464G	181	7	4	D45E,F62S,S117R,H155R	False	175	2L	L
G50A,T168C,T586G,A698T,T719C	181	5	4	R17H,W196G,Q233L,F240S	False	176	2L	L
T117C,A146G,T333C,T537C,A603G	180	5	1	D49G	False	178	2L	L
A118G,T168C,G259A,T502C	180	4	3	M40V,D87N,W168R	False	179	2L	L
G100A,T558C,T753C	179	3	1	E34K	False	180	2L	L
A87T,A140G,A415G	179	3	2	E47G,T139A	False	181	2L	L
T144A,A164G,C231A	179	3	1	E55G	False	182	2L	L
G137A,C206G,A369G,T507A	179	4	2	G46D,A69G	False	183	2L	L
C327T,A675T,C808A	179	3	1	R270S	False	184	2L	L
A251T,C371A,T591A	178	3	3	E84V,P124Q,D197E	False	185	2L	L
C41A,T237A,T333C,T436C,A620G	178	5	3	T14N,F146L,D207G	False	186	2L	L
G323A,A493G	178	2	2	R108H,T165A	False	187	2L	L
T93C,A414G	176	2	0	*0*	False	188	2L	L
T60C,T734C	176	2	1	L245P	False	189	2L	L
C177T,T541C,G571A,T651C	176	4	2	F181L,A191T	False	190	2L	L
A164G,T720C	175	2	1	E55G	False	191	2L	L
T108C,T114A,A220G,A396G,C514T,A681G	174	6	2	T74A,H172Y	False	192	2L	L
T162C,C365T,T582C	174	3	1	A122V	False	193	2L	L
A194G,T228C,A276G,A285G	174	4	1	N65S	False	194	2L	L
C231G,A279G,G422A,A554T	173	4	2	R141H,Q185L	False	195	2L	L
A67G,A229G,T233A,A276G	173	4	3	I23V,T77A,L78Q	False	196	2L	L
C74T,T270C,G316A,C519T,A714G	173	5	2	A25V,G106S	False	197	2L	L
A75G,T125C,C142T,T216A	173	4	2	I42T,R48C	False	198	2L	L
G183A,A219G,T315C,A728G	172	4	1	K243R	False	199	2L	L
A64C,A275G,T384C,A500G,A727G,A787G	172	6	5	T22P,K92R,N167S,K243E,I263V	False	200	2L	L
T68C,T216A,A624G,A737G,C763T	172	5	3	I23T,H246R,R255C	False	201	2L	L
T81C,T551C,T637C,T702C	172	4	2	I184T,Y213H	False	202	2L	L
C66T,A178T,T216C,T315G,T346A,C463T,G708T	171	7	5	S60C,D105E,F116I,H155Y,Q236H	False	203	2L	L
T291C,A604G,A645G,C741T	171	4	1	S202G	False	204	2L	L
A140G,T425C,A440G	171	3	3	E47G,V142A,E147G	False	205	2L	L
A48G,A603G	170	2	0	*0*	False	206	2L	L
G226A,T486A,T630A,T792C	170	4	2	V76I,H210Q	False	207	2L	L
G527A,A730G	169	2	2	R176H,N244D	False	208	2L	L
T227C,C326G,T541C,A693G,G696A	169	5	3	V76A,T109S,F181L	False	209	2L	L
A101T,T119C,T242C,T542C,A655G	168	5	5	E34V,M40T,L81P,F181S,I219V	False	210	2L	L
A178G,T425C	168	2	2	S60G,V142A	False	211	2L	L
A48G,T126A,T474C,A547G,A561G,T594A,T597C,C678T	168	8	2	T183A,N198K	False	212	2L	L
A23G,T210C,T522A	168	3	2	Q8R,F174L	False	213	2L	L
T159G,G163A,A279G,T537C,A685T	167	5	3	D53E,E55K,M229L	False	214	2L	L
A245T,T390C,T466C,T528C,A797G	167	5	3	Q82L,C156R,E266G	False	215	2L	L
T363A,A625T	166	2	2	D121E,M209L	False	216	2L	L
A178G,A452G,A698T	166	3	3	S60G,N151S,Q233L	False	217	2L	L
A276G	166	1	0	*0*	False	218	2L	L
A511G	166	1	1	K171E	False	219	2L	L
A21T,A28T,A275T,C322T,C560T,A633G,T672C,A693G,T785A	166	9	5	M10L,K92I,R108C,A187V,L262Q	False	220	2L	L
A48T,T347C,A620G	166	3	2	F116S,D207G	False	221	2L	L
A646G,C695T,T718C	166	3	3	T216A,P232L,F240L	False	222	2L	L
G183A,T420A,T429C,T521C,G627A	165	5	2	F174S,M209I	False	223	2L	L
T119C,A279G,T296C	164	3	2	M40T,I99T	False	224	2L	L
A40G,G73A,A141G,A192G,A200G	164	5	3	T14A,A25T,H67R	False	225	2L	L
T151C,C180T,T651C	164	3	1	W51R	False	226	2L	L
C458T,C495T	163	2	1	A153V	False	227	2L	L
A87G,T93C,A440G,A724G,A746G	163	5	3	E147G,S242G,E249G	False	228	2L	L
T481A	163	1	1	Y161N	False	229	2L	L
A175T,T201A,T423C,A431G,T466A,C607T	162	6	5	S59C,H67Q,E144G,C156S,R203C	False	230	2L	L
G372A,A583G	162	2	1	M195V	False	231	2L	L
T81G,G132A,T168C,T380C,A654T,G676A	162	6	3	I27M,I127T,A226T	False	232	2L	L
C7A,A511G	162	2	2	H3N,K171E	False	233	2L	L
A353G,T520C,G758A	162	3	3	D118G,F174L,S253N	False	234	2L	L
A102G,A187G,G585A,T621C,T642A	161	5	2	T63A,M195I	False	235	2L	L
A45G	161	1	0	*0*	False	236	2L	L
A239G,T384G,T437C	161	3	2	Q80R,F146S	False	237	2L	L
T186C	161	1	0	*0*	False	238	2L	L
T290A,T423A	161	2	1	F97Y	False	239	2L	L
T113C,A161G,T398C,T720A	160	4	4	I38T,D54G,V133A,F240L	False	240	2L	L
A275G,A482G,G503T,T558C	160	4	3	K92R,Y161C,W168L	False	241	2L	L
A645T	160	1	1	E215D	False	242	2L	L
C197A,A444T,A464G,G634A,T719C	160	5	4	A66E,H155R,E212K,F240S	False	243	2L	L
A493G,T630C,T783C	160	3	1	T165A	False	244	2L	L
A262G,A275G,A707T	159	3	3	K88E,K92R,Q236L	False	245	2L	L
G52T,A161G,T380C,T542C,C678A,C761T	159	6	5	A18S,D54G,I127T,F181S,T254I	False	246	2L	L
C31T,T116C	158	2	2	R11C,V39A	False	247	2L	L
C225T,T520C,T792A	157	3	2	F174L,H264Q	False	248	2L	L
A98T,T339G,T630C	157	3	1	D33V	False	249	2L	L
A102G,T410A,A517G,A645G	157	4	2	L137Q,S173G	False	250	2L	L
A198G,A376G,T448C,T651A	156	4	2	T126A,F150L	False	251	2L	L
G313A,A742G	156	2	2	D105N,I248V	False	252	2L	L
C58T,C206T,T294C,A325G	155	4	3	H20Y,A69V,T109A	False	253	2L	L
T308C,T509C,A729G,A793C	155	4	3	V103A,L170P,T265P	False	254	2L	L
T266C	155	1	1	L89P	False	255	2L	L
T144C,G156T,T296A,A818G	155	4	3	W52C,I99N,D273G	False	256	2L	L
T93C,T147C,A220G	155	3	1	T74A	False	257	2L	L
T89A,G382A,A633G	154	3	2	L30Q,G128S	False	258	2L	L
A92G	153	1	1	D31G	False	259	2L	L
A72G,G103A	153	2	1	A35T	False	260	2L	L
G283A,T407C,T423G,T427C,T489C,A500G,C599T	152	7	5	E95K,L136P,Y143H,N167S,P200L	False	261	2L	L
G38A,A150T,T269C,T306C,T405C,T720C,C794T	152	7	3	G13D,V90A,T265I	False	262	2L	L
A21T,A101G,C357T,C505A	152	4	2	E34G,P169T	False	263	2L	L
G293C,T336C,T410A,A464G	152	4	3	G98A,L137Q,H155R	False	264	2L	L
C47T	150	1	1	A16V	False	265	2L	L
A164G,T306A,G430A,T438C,A444G,T449C,C573T,G652A	150	8	4	E55G,E144K,F150S,A218T	False	266	2L	L
G73T,T169A,T318A,A379C,T476C	150	5	4	A25S,F57I,I127L,V159A	False	267	2L	L
A349T,C756T	150	2	1	S117C	False	268	2L	L
T51A,A207T,A757G,T789C	149	4	1	S253G	False	269	2L	L
A57G,C218T,A260G	149	3	2	A73V,D87G	False	270	2L	L
T80C,T108A,T119C,A252G,T312C,A389T,G643A,A669G	149	8	5	I27T,D36E,M40T,D130V,E215K	False	271	2L	L
A21G,G556A,T789A	149	3	1	G186S	False	272	2L	L
T184C,A722T	149	2	2	F62L,Q241L	False	273	2L	L
A64T,G422A,G556T	148	3	3	T22S,R141H,G186C	False	274	2L	L
C47T,A161G,G424T,T497C	148	4	4	A16V,D54G,V142F,V166A	False	275	2L	L
A111T,T216C,T269A,T391A,T621A	147	5	3	V90D,Y131N,D207E	False	276	2L	L
G52A,A107G,T301C,A491G,T710A	147	5	5	A18T,D36G,C101R,D164G,L237Q	False	277	2L	L
C17G,T213C,T290C	146	3	2	P6R,F97S	False	278	2L	L
T403C,C416T,A625G	145	3	3	F135L,T139I,M209V	False	279	2L	L
G30A,T80C,T138A,G257A,A441G,A635G,A798C	145	7	5	M10I,I27T,G86D,E212G,E266D	False	280	2L	L
A279G,C524T	144	2	1	P175L	False	282	2L	L
C446T,T558A	142	2	1	P149L	False	284	2L	L
T363A,C446A	142	2	2	D121E,P149Q	False	285	2L	L
G32A,G488A,A623G	142	3	3	R11H,R163H,E208G	False	286	2L	L
A635G,C648T,G767A	142	3	2	E212G,R256H	False	287	2L	L
A101G,T117C,G323A,A561T	141	4	2	E34G,R108H	False	288	2L	L
A742G,G764A	140	2	2	I248V,R255H	False	289	2L	L
A295T,G424A,A737T	139	3	3	I99F,V142I,H246L	False	290	2L	L
T540C	139	1	0	*0*	False	291	2L	L
T570A,T665A,A724G	138	3	3	D190E,L222Q,S242G	False	292	2L	L
A23G,T216A,A349G,A386G,G411A,C694T,A722G	138	7	5	Q8R,S117G,H129R,P232S,Q241R	False	293	2L	L
T306C,A395G,T426C,T476C,A654T,G703A,T777C	137	7	3	E132G,V159A,G235S	False	294	2L	L
G490A,C766T	137	2	2	D164N,R256C	False	295	2L	L
A72G,A78G,T126C,T354C,A362G,T558C	137	6	1	D121G	False	296	2L	L
A530G,C648A,C705T	137	3	1	Q177R	False	297	2L	L
G767A	136	1	1	R256H	False	298	2L	L
G109A,T436C	136	2	2	A37T,F146L	False	299	2L	L
G234A,T779A	136	2	1	L260Q	False	300	2L	L
C39T,C299G,A592G	135	3	2	A100G,N198D	False	301	2L	L
A98G,A105G,A635T	135	3	2	D33G,E212V	False	302	2L	L
A367G,T718A	134	2	2	K123E,F240I	False	303	2L	L
T734C,G774A	134	2	2	L245P,M258I	False	304	2L	L
C110T,G372T,C495T,T543C,G557A	134	5	2	A37V,G186D	False	305	2L	L
T543C,T586C,G739A	134	3	2	W196R,A247T	False	306	2L	L
A314T,A612G	134	2	1	D105V	False	307	2L	L
G490A,G723T	134	2	2	D164N,Q241H	False	308	2L	L
T242C,T344C,C445G,A513G,C674T	133	5	4	L81P,L115P,P149A,A225V	False	309	2L	L
A367G,T743C,A746G,T779C	132	4	4	K123E,I248T,E249G,L260P	False	310	2L	L
G283A,G321A	132	2	1	E95K	False	311	2L	L
A23G,A220G,G272A,G596A	132	4	4	Q8R,T74A,S91N,R199H	False	312	2L	L
T84C,G240T,T743C	132	3	2	Q80H,I248T	False	313	2L	L
T51G,T80C,T237C	131	3	1	I27T	False	314	2L	L
C42T,G382C,T455C,G469A,C524T,T597C	131	6	4	G128R,L152P,G157S,P175L	False	315	2L	L
T521C,C532A,G627A	131	3	3	F174S,L178M,M209I	False	316	2L	L
C330T,T686G	130	2	1	M229R	False	317	2L	L
C300T,T399C,T734A	130	3	1	L245Q	False	318	2L	L
T387C,A645G,A675G,T753C	130	4	0	*0*	False	319	2L	L
A96G,T291C,T468G,A569G,A746G	129	5	3	C156W,D190G,E249G	False	320	2L	L
T69A,C247T,A252G,C640T	128	4	2	R83C,R214C	False	321	2L	L
T128C	128	1	1	V43A	False	322	2L	L
T185C,T195C,T404A,T578A,A682G,A724G	127	6	5	F62S,F135Y,M193K,I228V,S242G	False	323	2L	L
A28T,T297A,A376T,T405C,A791T	126	5	3	M10L,T126S,H264L	False	324	2L	L
A395G,T542C,T651A	126	3	2	E132G,F181S	False	325	2L	L
T420C,A625G,G696T,T789C	125	4	1	M209V	False	326	2L	L
C42T,T51G,A513G,T716C	125	4	1	L239P	False	327	2L	L
T338C	124	1	1	V113A	False	328	2L	L
C39T,C225T,A260G,A547G	123	4	2	D87G,T183A	False	329	2L	L
A21T,G30A,A141G,T291C,T335C,G472A,C648G	123	7	3	M10I,F112S,D158N	False	330	2L	L
T333C,C340T	121	2	1	R114C	False	332	2L	L
T51C,T93C,G323A,A328G,A392G,A602G,T683C	120	7	5	R108H,T110A,Y131C,E201G,I228T	False	333	2L	L
A87G,G133A,T346C,A368G,T567C,T586C,T597C,T751C	120	8	5	D45N,F116L,K123R,W196R,C251R	False	334	2L	L
T381A,T597A,A638G,G671A,T777C	120	5	2	Y213C,R224H	False	335	2L	L
C142T,A262G,G711A	119	3	2	R48C,K88E	False	336	2L	L
A274G,G596A	116	2	2	K92E,R199H	False	337	2L	L
G608C,A747G	115	2	1	R203P	False	338	2L	L
G243C,T346C,T528C,T738A,T750C	115	5	2	F116L,H246Q	False	339	2L	L
A28T,G143A,T168C,A192G,T398C,A401G,A602G,A654G,A747G	115	9	5	M10L,R48H,V133A,E134G,E201G	False	340	2L	L
T336C,T344C,C421A,A444T,A625G,T626C	111	6	3	L115P,R141S,M209A	False	341	2L	L
T89A,G341C,T486A	110	3	2	L30Q,R114P	False	342	2L	L
G596A	108	1	1	R199H	False	343	2L	L
T296A,T381C,G411A,A577T,A592C,T785C	107	6	4	I99N,M193L,N198H,L262P	False	344	2L	L
C340T,T342C,T533C,T621G,C632T,T777C	105	6	4	R114C,L178P,D207E,A211V	False	345	2L	L
T294C,G658A,T788C	104	3	2	A220T,I263T	False	346	2L	L
T144C,G496A	103	2	1	V166I	False	347	2L	L
C142T,A395T,C433T	100	3	3	R48C,E132V,P145S	False	348	2L	L
*0*	650	0	0	*0*	False	1	2L	N
C17G,G121A,T320C,A369G,G422A,T516A,T522C,A757T,G774A	607	9	7	P6R,D41N,L107P,R141H,H172Q,S253C,M258I	False	2	2L	N
C17G,A440T,T551C,T801C	600	4	3	P6R,E147V,I184T	False	3	2L	N
A431G,T509C,T558C,A603G,A727G	554	5	3	E144G,L170P,K243E	False	4	2L	N
T114C,T521C,A698T,A737G	549	4	3	F174S,Q233L,H246R	False	5	2L	N
T312C,A314G,T320C	548	3	2	D105G,L107P	False	6	2L	N
T26C,T185C,T312C,C434G,T665C	545	5	4	L9P,F62S,P145R,L222P	False	7	2L	N
G24A,A56G,T135C,T154C,C357A,A679C,A693C,T738C	524	8	4	E19G,W52R,K227Q,K231N	False	8	2L	N
A102G,A198G,T450C,T710C	507	4	1	L237P	False	9	2L	N
A604G,T609C	506	2	1	S202G	False	10	2L	N
A314G,T497A,A547G,A685G,T734C	505	5	5	D105G,V166D,T183A,M229V,L245P	False	11	2L	N
A310T,G323C,T537C,T689C	501	4	3	N104Y,R108P,L230P	False	12	2L	N
A40G,T335C,A402T	480	3	3	T14A,F112S,E134D	False	13	2L	N
T84C,T108C,T184C,A279C,A325G,G394A,T466C,T528C,T540G,A629G	476	10	5	F62L,T109A,E132K,C156R,H210R	False	14	2L	N
G137A,T403C,T521C,A550G,T558C,A604G	471	6	5	G46D,F135L,F174S,I184V,S202G	False	15	2L	N
A54G,T374C,A428G,T586C,A691G	466	5	4	L125P,Y143C,W196R,K231E	False	16	2L	N
T62A,G382T,A389G,T551C,T626C,A730G	464	6	6	M21K,G128C,D130G,I184T,M209T,N244D	False	17	2L	N
C319A,G388A,A493T,T719C	458	4	4	L107M,D130N,T165S,F240S	False	19	2L	N
T159C,T204C,A263T,A328G,T344C,T398A,T785C	454	7	5	K88I,T110A,L115P,V133D,L262P	False	20	2L	N
A45T,T545C,T702G	443	3	1	L182P	False	21	2L	N
A285G,T359C,T449C,T502C,T552A,A797G	433	6	4	L120P,F150S,W168R,E266G	False	22	2L	N
A48G,T69C,A96G,A158G,T339C,T399C,G424A,T551C	420	8	3	D53G,V142I,I184T	False	24	2L	N
T144C,T215C,A432G,G739A,A769T	410	5	3	V72A,A247T,T257S	False	25	2L	N
C65T,T210G,T456C,T520C,C573T,C670T	404	6	3	T22I,F174L,R224C	False	26	2L	N
A67G,T119C,T215C,A263T,T438C	400	5	4	I23V,M40T,V72A,K88I	False	27	2L	N
T425G,G467A,T570C	399	3	2	V142G,C156Y	False	28	2L	N
T29C,T308C,A310G,A386T,A395T,A402G,C446A,C471T	395	8	6	M10T,V103A,N104D,H129L,E132V,P149Q	False	29	2L	N
A239G,T342A,A444G,A590G,A604T,C677A	395	6	4	Q80R,D197G,S202C,A226D	False	30	2L	N
T320C,A414G,T738C	391	3	1	L107P	False	32	2L	N
T68A,T227C,T233A,A401G,C505G,G641A,T750A	389	7	6	I23N,V76A,L78Q,E134G,P169A,R214H	False	33	2L	N
A124G,T407C,C413T,T427C,A685T,A712T	385	6	6	I42V,L136P,A138V,Y143H,M229L,T238S	False	34	2L	N
A107T,G109C	380	2	2	D36V,A37P	False	35	2L	N
T210C,T290C,G422A,G485A	368	4	3	F97S,R141H,G162D	False	36	2L	N
T128A,G430A,A451G,T522A,T552C,T558C,T609C	363	7	4	V43D,E144K,N151D,F174L	False	37	2L	N
A263G,G568A,A629G,A707G	360	4	4	K88R,D190N,H210R,Q236R	False	38	2L	N
G775A	357	1	1	G259S	False	39	2L	N
T93C,G157A,G283A,T407C,G796A	355	5	4	D53N,E95K,L136P,E266K	False	40	2L	N
G166A,T204C,T436C,A638G,T665A	355	5	4	G56S,F146L,Y213C,L222Q	False	41	2L	N
G268A,A395G,T468G	349	3	3	V90I,E132G,C156W	False	42	2L	N
T119C,T324C,A325G,T339C,T423A,G525A	348	6	2	M40T,T109A	False	43	2L	N
T320C,T509C,A577C,C670T	345	4	4	L107P,L170P,M193L,R224C	False	44	2L	N
T99C,A223G,C247T,A279G,T289C	343	5	3	S75G,R83C,F97L	False	45	2L	N
A54G,T215C,G257C,G323A,G332A,T528C,A722T,A746G	343	8	6	V72A,G86A,R108H,R111H,Q241L,E249G	False	46	2L	N
C12T,G94A,A219G,C225A,T502C	338	5	3	A32T,S75R,W168R	False	47	2L	N
A191G,T785C,C795T	337	3	2	K64R,L262P	False	48	2L	N
A102G,T342C,T344C,C373A,T393C,G435A,A629G,T744C	337	8	3	L115P,L125M,H210R	False	49	2L	N
A21G,C434T,G490A,A554G,G571C	330	5	4	P145L,D164N,Q185R,A191P	False	50	2L	N
A284T,T320A,T785C	328	3	3	E95V,L107Q,L262P	False	51	2L	N
T33C,A239T,T387C,A633G	328	4	1	Q80L	False	52	2L	N
A57T,C142T,A164G,T455C,T665C,A798G	326	6	5	E19D,R48C,E55G,L152P,L222P	False	53	2L	N
G341A,T545G,A612T,A645G	325	4	2	R114H,L182R	False	54	2L	N
C343T,C385T,A389T,T617C,G627C	321	5	4	H129Y,D130V,L206P,M209I	False	55	2L	N
A64G,C149T,T159C,T533C,T543C,T689C	318	6	4	T22A,A50V,L178P,L230P	False	57	2L	N
A92G,A96G,T410C,A603G,T626C,A629G	317	6	4	D31G,L137P,M209T,H210R	False	58	2L	N
A150G,A245G,A386G	312	3	2	Q82R,H129R	False	59	2L	N
T665A,C678T,T744C,C763T	305	4	2	L222Q,R255C	False	60	2L	N
A245G,T390C,T425C	304	3	2	Q82R,V142A	False	61	2L	N
A310G,T522C,A663G,T781C	301	4	2	N104D,F261L	False	62	2L	N
T320C,A728G,A747G	295	3	2	L107P,K243R	False	63	2L	N
A87C,T147C,T710A,C784A	295	4	2	L237Q,L262M	False	64	2L	N
A101T,C418T,A478G,A625G	294	4	4	E34V,R140C,S160G,M209V	False	65	2L	N
A328G,T342G,C640A,A646G	291	4	3	T110A,R214S,T216A	False	66	2L	N
A150G,A200G,A440G,A491G	285	4	3	H67R,E147G,D164G	False	67	2L	N
A40G,T147C,G163A,A245G,T558C	285	5	3	T14A,E55K,Q82R	False	68	2L	N
T237C,T489C,C607T,T626C,T750C	283	5	2	R203C,M209T	False	69	2L	N
G173T,T346C,T507C,T521C,C573T,G596T	283	6	4	S58I,F116L,F174S,R199L	False	70	2L	N
A274G,G412A,C421A,A515G,G535A	281	5	5	K92E,A138T,R141S,H172R,G179S	False	71	2L	N
G100C,A158G,A175G,T558A,T642C,T781C	279	6	4	E34Q,D53G,S59G,F261L	False	72	2L	N
A633G	276	1	0	*0*	False	74	2L	N
A141G,T186C,G235A,G259A,A473G,C532T,A644G,A654T,A722G	272	9	5	G79S,D87N,D158G,E215G,Q241R	False	76	2L	N
A274G,A279G,A386T,T420C	272	4	2	K92E,H129L	False	77	2L	N
A75G,G280C,C506T,C662T,T768C	267	5	3	A94P,P169L,A221V	False	78	2L	N
A57G,A140T,A262G,T380C,T545A,T716A	265	6	5	E47V,K88E,I127T,L182Q,L239Q	False	79	2L	N
A78G,T466C,T558C,T609C,A681G	261	5	1	C156R	False	80	2L	N
A203G,T551C	258	2	2	H68R,I184T	False	81	2L	N
T169C,T237C,A263G,T384C,A563T,G650C,G711A	255	7	4	F57L,K88R,D188V,G217A	False	82	2L	N
T119C,T184C,C278A,T789C	255	4	3	M40T,F62L,A93E	False	83	2L	N
A40T,A45G,T359C,T405C,T738C	253	5	2	T14S,L120P	False	84	2L	N
T266C,T315C,T390A,A473G	252	4	3	L89P,D130E,D158G	False	85	2L	N
G136A,C340T,A500G,A515G,G559A,A724C	250	6	6	G46S,R114C,N167S,H172R,A187T,S242R	False	86	2L	N
T393C,T438C,A583G,G613A,C632T,A724G	250	6	4	M195V,A205T,A211V,S242G	False	87	2L	N
A310G,A629G	249	2	2	N104D,H210R	False	88	2L	N
T68A,T249C,C329T,T407A,T426C,T586A,A757T	245	7	5	I23N,T110I,L136Q,W196R,S253C	False	89	2L	N
C281T,C607A	244	2	2	A94V,R203S	False	90	2L	N
T261C,A284G,C327T,A396G,C461G,T541A	242	6	3	E95G,P154R,F181I	False	92	2L	N
A48T,T108A,C199T,G235A,T291G,A693G	238	6	4	D36E,H67Y,G79S,F97L	False	93	2L	N
C86G,T144C,T334C,A547T,T621C,A797T	234	6	4	A29G,F112L,T183S,E266V	False	95	2L	N
C471G,A565G	233	2	1	N189D	False	96	2L	N
C331T,T407C,A668G,C756T,G813A	232	5	4	R111C,L136P,E223G,M271I	False	97	2L	N
G408A,A464G,A691G	232	3	2	H155R,K231E	False	98	2L	N
T33G,C373G,G649A	232	3	2	L125V,G217S	False	99	2L	N
A40C,A192G,T204C,T289C,T521C,T621C,A787G	230	7	4	T14P,F97L,F174S,I263V	False	100	2L	N
C39T,T68C,G156T,T237C,A262G,T342C	229	6	3	I23T,W52C,K88E	False	101	2L	N
C357T,T719C	223	2	1	F240S	False	103	2L	N
A415G,T474C,A512G,T656A,A729T	220	5	4	T139A,K171R,I219N,K243N	False	104	2L	N
C197G,T716C	217	2	2	A66G,L239P	False	105	2L	N
A282G,T296C,A451C,G527A,T781C	217	5	4	I99T,N151H,R176H,F261L	False	106	2L	N
T51C,A111T,A260T,G479C,C599T	217	5	3	D87V,S160T,P200L	False	107	2L	N
T144C,G424A,T586C,A791G	215	4	3	V142I,W196R,H264R	False	108	2L	N
A282T,A415G,C662T	214	3	2	T139A,A221V	False	109	2L	N
A396G,C418T,T785C	212	3	2	R140C,L262P	False	110	2L	N
A251G,A252G,T393C,G527A,G661T,T734A	212	6	4	E84G,R176H,A221S,L245Q	False	111	2L	N
G317A,A730T,T751C	209	3	3	G106D,N244Y,C251R	False	112	2L	N
C232T,A239T,T381C,G767A	200	4	2	Q80L,R256H	False	113	2L	N
A200G,A369G	199	2	1	H67R	False	114	2L	N
A452G,A513G	196	2	1	N151S	False	115	2L	N
A111C,G160A,T338C,T584C,T718C,T779C	193	6	5	D54N,V113A,M195T,F240L,L260P	False	116	2L	N
A441G,G472C,C480T,C677T,T744A	193	5	2	D158H,A226V	False	117	2L	N
A187G	192	1	1	T63A	False	118	2L	N
G148C,G596A,A727G	191	3	3	A50P,R199H,K243E	False	119	2L	N
A118G,C247T,A459G,T792C	189	4	2	M40V,R83C	False	120	2L	N
C463T,A791G	188	2	2	H155Y,H264R	False	121	2L	N
C458T,G704A,T753C	188	3	2	A153V,G235D	False	122	2L	N
T126C,T335C,A491G	188	3	2	F112S,D164G	False	123	2L	N
C281T,C304T,A444G	179	3	2	A94V,R102C	False	124	2L	N
T403C,C611A,C614G,G671A,A693G,T710A,A737G,A787G	178	8	7	F135L,A204E,A205G,R224H,L237Q,H246R,I263V	False	125	2L	N
T51C,T186C,T465A	176	3	1	H155Q	False	126	2L	N
T483C,T609C,C614T,A633G,A692G	166	5	2	A205V,K231R	False	127	2L	N
T68C,C77G,T126C,T374C,T642C	165	5	3	I23T,A26G,L125P	False	128	2L	N
A401G,T466A,A636G,C790T	161	4	3	E134G,C156S,H264Y	False	130	2L	N
T26C,G196A,T509A,G767T	157	4	4	L9P,A66T,L170Q,R256L	False	131	2L	N
G536A,A791G	152	2	2	G179D,H264R	False	132	2L	N
T114G,T258C,G272C,T448C,T545C	151	5	4	I38M,S91T,F150L,L182P	False	133	2L	N
A56G,G90A,T582C	143	3	1	E19G	False	134	2L	N
A464T,C526A	135	2	2	H155L,R176S	False	135	2L	N
T26C,C53G,A158T,A191T,G305A,T354C,T476C,A482G	134	8	7	L9P,A18G,D53V,K64I,R102H,V159A,Y161C	False	136	2L	N
T185C,T195C,A198G,G235A,T306C,T320C,T449C,T455C	129	8	5	F62S,G79S,L107P,F150S,L152P	False	137	2L	N
T351A,T404C,C421T,C762T	119	4	3	S117R,F135S,R141C	False	138	2L	N
T237A,A633T,A791G	113	3	1	H264R	False	139	2L	N
T309C,C366T,G575A	102	3	1	G192D	False	140	2L	N
T33C,C699G	13664	2	0	*0*	False	1	3VRL	H
T33C,T62C,A229G,A239G,A260G,T297C,T308C,A328T,A392G,A473T,C699G	1045	11	8	M21T,T77A,Q80R,D87G,V103A,T110S,Y131C,D158V	False	2	3VRL	H
T33C,T609C,C699G	1024	3	0	*0*	False	3	3VRL	H
T33C,A146T,T420C,A629G,C699G	996	5	2	D49V,H210R	False	4	3VRL	H
T33C,A264G,A444G,T528G,C699G	952	5	0	*0*	False	5	3VRL	H
T33C,C131A,A669T,C699G	928	4	2	P44Q,E223D	False	6	3VRL	H
T33C,T129C,A264G,C699G	909	4	0	*0*	False	7	3VRL	H
T33C,T36C,T270C,A561G,C699G,T720C	898	6	0	*0*	False	8	3VRL	H
T33C,C699G,C748A	898	3	1	R250S	False	9	3VRL	H
T33C,T168C,C699G	897	3	0	*0*	False	10	3VRL	H
T33C,C142T,A172C,C699G	888	4	2	R48C,S58R	False	11	3VRL	H
T33C,A178T,T204C,A441T,T540C,C699G,A797T	871	7	3	S60C,E147D,E266V	False	12	3VRL	H
T33C,A150T,T522C,C699G	867	4	0	*0*	False	13	3VRL	H
T33C,G292T,T398C,C699G	858	4	2	G98C,V133A	False	14	3VRL	H
T33C,T552A,T626A,C699G,T751C	846	5	2	M209K,C251R	False	15	3VRL	H
A21T,T33C,A223G,T318A,G360C,C699G	842	6	1	S75G	False	16	3VRL	H
T33C,G46A,T291C,T390C,A515G,C699G	814	6	2	A16T,H172R	False	17	3VRL	H
T33C,A146T,A547G,A675G,C699G,C766T	812	6	3	D49V,T183A,R256C	False	18	3VRL	H
T33C,A75T,T318C,C699G	797	4	0	*0*	False	19	3VRL	H
T33C,A314G,T429C,G574T,A624G,A629G,C699G	793	7	3	D105G,G192C,H210R	False	20	3VRL	H
T33C,A223G,C699G	763	3	1	S75G	False	21	3VRL	H
T33C,G527A,C699G	747	3	1	R176H	False	22	3VRL	H
A685T,C699G	743	2	1	M229L	False	23	3VRL	H
T33C,A198T,A223G,C699G	686	4	1	S75G	False	24	3VRL	H
C12T,T33C,C41T,T125C,T186G,C454T,T630C,C699G	673	8	4	T14I,I42T,F62L,L152F	False	25	3VRL	H
T33C,T336C,C699G	606	3	0	*0*	False	26	3VRL	H
T33C,C640T,C677A,C699G,G796A	597	5	3	R214C,A226D,E266K	False	27	3VRL	H
C699G	589	1	0	*0*	False	28	3VRL	H
T33C,A67C,C417T,C699G	589	4	1	I23L	False	29	3VRL	H
T33C,C508A,C699G	587	3	1	L170M	False	30	3VRL	H
T33C,A207G,T522C,T626C,C699G	584	5	1	M209T	False	31	3VRL	H
T33C,T51C,A79G,T334C,A500G,T521C,G649T,G661A,C699G,A707G,A760G	579	11	8	I27V,F112L,N167S,F174S,G217C,A221T,Q236R,T254A	False	32	3VRL	H
T33C,A198G,C699G	573	3	0	*0*	False	33	3VRL	H
T33C,A105T,A440G,C699G,A729G	563	5	1	E147G	False	34	3VRL	H
T33C,G698A,C699G,C781T	562	4	2	R233Q,L261F	False	35	3VRL	H
T33C,A314T,T497C,G557C,C699G	557	5	3	D105V,V166A,G186A	False	37	3VRL	H
T33C,T138C,C699G,T777C	556	4	0	*0*	False	38	3VRL	H
C17G,T33C,C699G	554	3	1	P6R	False	39	3VRL	H
T33C,A102G,T381A,C699G	547	4	0	*0*	False	40	3VRL	H
T33C,A101G,G317A,T651C,C699G	546	5	2	E34G,G106D	False	41	3VRL	H
T33C,A190G,C206G,T657C,C699G	506	5	2	K64E,A69G	False	42	3VRL	H
T33C,G112A,A207T,G496A,C660G,C699G	503	6	2	V38I,V166I	False	43	3VRL	H
T33G,C699G	482	2	0	*0*	False	44	3VRL	H
T33C,T570C,C699G	448	3	0	*0*	False	45	3VRL	H
T33C,T609A,C699G	421	3	0	*0*	False	46	3VRL	H
T33C,A451T,C699G	420	3	1	N151Y	False	47	3VRL	H
T33C,A264G,A663G,C699G	395	4	0	*0*	False	48	3VRL	H
T33C,T297C,C365T,C699G,C781T	347	5	2	A122V,L261F	False	49	3VRL	H
T33C,A111G,A276G,T390C,T545C,C699G	334	6	1	L182P	False	50	3VRL	H
T33C,T81C,T84A,C366A,C699G,T801C	104	6	1	H28Q	False	51	3VRL	H
T33C,C699G	2670	2	0	*0*	False	1	3VRL	P
T33C,A207G,T528C,T584C,C699G	515	5	1	M195T	False	2	3VRL	P
T33C,A668G,C699G	432	3	1	E223G	False	3	3VRL	P
T33C,A45G,A107G,T129C,A284G,C699G	428	6	2	D36G,E95G	False	4	3VRL	P
T33C,C357A,C699G	391	3	0	*0*	False	5	3VRL	P
T33C,T147C,A178T,C371T,T420C,A612G,C699G	391	7	2	S60C,P124L	False	6	3VRL	P
T33C,C699G,A754G	386	3	1	T252A	False	7	3VRL	P
T33C,C177T,T215A,T335C,C365T,C699G	384	6	3	V72D,F112S,A122V	False	8	3VRL	P
T33C,C699G,A712T	383	3	1	T238S	False	9	3VRL	P
T33C,C699G,C713T,T783C	378	4	1	T238I	False	10	3VRL	P
T33C,T210C,T398C,C699G	373	4	1	V133A	False	11	3VRL	P
T33C,T144A,C342T,A654G,C699G	369	5	0	*0*	False	12	3VRL	P
T33C,T301A,A644G,C699G	369	4	2	C101S,E215G	False	13	3VRL	P
T33C,T346C,C433T,C699G	367	4	2	F116L,P145S	False	14	3VRL	P
T33C,A164G,C699G	367	3	1	E55G	False	15	3VRL	P
T33C,A192G,A440G,G534A,A692G,C699G	363	6	2	E147G,K231R	False	16	3VRL	P
T33C,T180C,A207G,A219G,A229G,T301A,C699G,T720C,A757G,T783C	361	10	3	T77A,C101S,S253G	False	17	3VRL	P
T33C,T36C,T93C,C699G	353	4	0	*0*	False	18	3VRL	P
T33C,A150G,C699G	351	3	0	*0*	False	19	3VRL	P
T33C,T266G,C413T,A452G,C662T,C699G	341	6	4	L89R,A138V,N151S,A221V	False	20	3VRL	P
T33C,A54G,A192G,A517G,C699G	340	5	1	S173G	False	21	3VRL	P
T33C,T89C,A275G,T586A,C699G	338	5	3	L30P,K92R,W196R	False	22	3VRL	P
T33C,A325G,T630C,C699G	337	4	1	T109A	False	23	3VRL	P
T33C,G462A,A513G,A654G,C699G,T788C	335	6	1	I263T	False	24	3VRL	P
T33C,A96T,C495A,C699G	326	4	0	*0*	False	25	3VRL	P
T33C,C104T,T436C,C699G	326	4	2	A35V,F146L	False	26	3VRL	P
T33C,T497C,T551A,C699G,A712G	324	5	3	V166A,I184N,T238A	False	27	3VRL	P
T33C,T135G,C699G,T702C,T805A	322	5	2	D45E,W269R	False	28	3VRL	P
T33C,T35C,C699G,A746G	320	4	2	F12S,E249G	False	29	3VRL	P
T33C,C699G,T719C	320	3	1	F240S	False	30	3VRL	P
T33C,G90T,C327T,C573A,C699G	308	5	0	*0*	False	32	3VRL	P
T33C,A141T,T407C,T540C,C699G	307	5	2	E47D,L136P	False	33	3VRL	P
T33C,A59C,C699G	307	3	1	H20P	False	34	3VRL	P
T33C,C331T,T438A,C699G	300	4	2	R111C,F146L	False	35	3VRL	P
T33C,G226A,A675T,C699G,A742G,T765C	298	6	2	V76I,I248V	False	36	3VRL	P
T33C,A499G,T576C,G649C,C699G	296	5	2	N167D,G217R	False	37	3VRL	P
T33C,T398A,T665C,C699G	290	4	2	V133D,L222P	False	38	3VRL	P
T33C,G472A,T537C,A645G,C699G	289	5	1	D158N	False	39	3VRL	P
T33C,T543A,C699G	289	3	1	F181L	False	40	3VRL	P
T33C,A105T,C699G,G764C	287	4	1	R255P	False	41	3VRL	P
T33C,A239G,C699G	282	3	1	Q80R	False	42	3VRL	P
T33C,T363C,T642A,C699G	282	4	0	*0*	False	43	3VRL	P
T33C,A602G,A663T,C699G	281	4	1	E201G	False	44	3VRL	P
T33C,A679G,C699G	280	3	1	K227E	False	45	3VRL	P
T33C,T642C,A675G,C699G	279	4	0	*0*	False	46	3VRL	P
T33C,T201C,T436C,A638G,T642C,C699G	279	6	2	F146L,Y213C	False	47	3VRL	P
T33C,A655G,C699G	279	3	1	I219V	False	48	3VRL	P
T33C,T116C,G205A,T489G,C699G,A742G	275	6	3	V39A,A69T,I248V	False	49	3VRL	P
T33C,C49T,C699G	272	3	1	R17C	False	50	3VRL	P
T33C,A45G,A376C,G600T,C699G	270	5	1	T126P	False	51	3VRL	P
T33C,G243T,A675G,C699G	266	4	0	*0*	False	52	3VRL	P
T33C,T216C,A239G,G292A,A311G,T387C,A636G,C699G	264	8	3	Q80R,G98S,N104S	False	54	3VRL	P
T33C,C142T,T151A,C699G	261	4	2	R48C,W51R	False	55	3VRL	P
T33C,A79G,A219T,T296C,A444T,C699G,A731G,A772T	259	8	4	I27V,I99T,N244S,M258L	False	56	3VRL	P
T33C,G240C,T542C,C699G,T750C	258	5	2	Q80H,F181S	False	57	3VRL	P
T33C,C278T,T306A,C699G	254	4	1	A93V	False	58	3VRL	P
T33C,A633G,C699G	253	3	0	*0*	False	59	3VRL	P
T33C,A207T,C699G	249	3	0	*0*	False	60	3VRL	P
T33C,T147C,C699G,C762T	248	4	0	*0*	False	61	3VRL	P
T33C,A54G,T144C,T336C,A547G,G588T,C699G	247	7	2	T183A,W196C	False	62	3VRL	P
T33C,C356G,T448C,T537C,T558C,C699G,A722G,A747G	243	8	3	A119G,F150L,Q241R	False	63	3VRL	P
T33C,C647T,C699G	239	3	1	T216I	False	64	3VRL	P
T33C,T128C,C699G	239	3	1	V43A	False	65	3VRL	P
T33C,T162C,T266C,A452G,G661A,C699G,T785C,A791G	238	8	5	L89P,N151S,A221T,L262P,H264R	False	66	3VRL	P
T33C,C41T,G97A,T486C,G627C,C699G	237	6	3	T14I,D33N,M209I	False	67	3VRL	P
T33C,T351A,C699G,G796A	234	4	2	S117R,E266K	False	68	3VRL	P
T33C,T509C,C699G	233	3	1	L170P	False	69	3VRL	P
T33C,T308C,C526T,C699G	233	4	2	V103A,R176C	False	70	3VRL	P
T33C,A72G,T258C,T398C,C699G,T785C	232	6	2	V133A,L262P	False	71	3VRL	P
T33C,A102G,A245G,T312C,C699G	232	5	1	Q82R	False	72	3VRL	P
T33C,T68G,T184C,G470C,A668G,C699G	227	6	4	I23S,F62L,G157A,E223G	False	73	3VRL	P
A23G,T33C,C699G,A742G	225	4	2	Q8R,I248V	False	74	3VRL	P
T33C,T399C,C699G	224	3	0	*0*	False	75	3VRL	P
T33C,A134T,C699G	223	3	1	D45V	False	76	3VRL	P
T33C,A620G,C699G	222	3	1	D207G	False	77	3VRL	P
T33C,T147C,C304G,A367G,A395G,T437A,A563T,T584A,C699G	222	9	6	R102G,K123E,E132G,F146Y,D188V,M195K	False	78	3VRL	P
T33C,T119C,G305A,T320A,T363C,G589A,A602C,C699G	219	8	5	M40T,R102H,L107Q,D197N,E201A	False	80	3VRL	P
T33C,T62C,T399A,C674T,C699G,A747G	219	6	2	M21T,A225V	False	81	3VRL	P
T33C,A54G,T410A,C471G,T489C,A620G,C699G	219	7	2	L137Q,D207G	False	82	3VRL	P
T33C,T380C,C648G,C699G,A800G	217	5	2	I127T,D267G	False	83	3VRL	P
T33C,C49T,T476C,A493G,A603G,A636G,C699G	216	7	3	R17C,V159A,T165A	False	84	3VRL	P
T33C,G408A,T489C,T686A,C699G	216	5	1	M229K	False	85	3VRL	P
T33C,T216C,A376G,C487T,C532G,C699G,T783C	216	7	3	T126A,R163C,L178V	False	86	3VRL	P
T33C,T60A,T426C,C699G	215	4	1	H20Q	False	87	3VRL	P
T33C,A72T,A164G,A254T,G313A,G568A,T576C,C699G	214	8	4	E55G,Q85L,D105N,D190N	False	88	3VRL	P
T33C,A87T,G280A,C699G,C795T	207	5	1	A94T	False	90	3VRL	P
T33C,T315C,T398C,T399C,C699G	206	5	1	V133A	False	91	3VRL	P
T33C,A72G,C370T,T656C,C699G	206	5	2	P124S,I219T	False	92	3VRL	P
T33C,A414G,T689A,C699G	206	4	1	L230Q	False	93	3VRL	P
T33C,A669G,C699G	205	3	0	*0*	False	94	3VRL	P
T33C,A140T,C699G	201	3	1	E47V	False	95	3VRL	P
T33C,C523T,C699G	200	3	1	P175S	False	97	3VRL	P
T33C,A78T,T81C,T456C,C699G	200	5	0	*0*	False	98	3VRL	P
T33C,A150G,T455C,A513G,C699G	194	5	1	L152P	False	99	3VRL	P
T33C,C699G,G786A	192	3	0	*0*	False	100	3VRL	P
T33C,C177A,T185G,T215C,C322T,A464T,C699G,A800G	190	8	6	S59R,F62C,V72A,R108C,H155L,D267G	False	101	3VRL	P
T33C,A432G,C699G,A746T	188	4	1	E249V	False	102	3VRL	P
T33C,C699G,A731G	186	3	1	N244S	False	103	3VRL	P
T33C,A396G,A635T,C699G	184	4	1	E212V	False	104	3VRL	P
T33C,G76A,A96G,G472A,T609C,A663G,C699G	184	7	2	A26T,D158N	False	105	3VRL	P
T33C,A325G,T657C,A680G,C699G,T744C	184	6	2	T109A,K227R	False	106	3VRL	P
T33C,A45G,C699G	183	3	0	*0*	False	107	3VRL	P
T33C,G235A,A441G,C699G,C715T	182	5	1	G79S	False	108	3VRL	P
T33C,C699G,T783C	181	3	0	*0*	False	109	3VRL	P
T33C,T545A,C699G	181	3	1	L182Q	False	110	3VRL	P
T33C,A441G,G504C,C699G,T765C	178	5	1	W168C	False	111	3VRL	P
T33C,A353G,A603G,C699G	175	4	1	D118G	False	112	3VRL	P
T33C,A284T,G424A,T438C,A459T,G580A,A590G,A636G,C699G	173	9	4	E95V,V142I,V194I,D197G	False	113	3VRL	P
T33C,C241T,T543A,A644G,C699G	173	5	2	F181L,E215G	False	114	3VRL	P
T33C,T51C,T154A,A395G,C699G	172	5	2	W52R,E132G	False	115	3VRL	P
T33C,A251G,T639C,C699G	171	4	1	E84G	False	117	3VRL	P
T33C,A67G,A193C,T227A,A264G,A276T,C461T,C699G	171	8	5	I23V,N65H,V76D,K92N,P154L	False	118	3VRL	P
T33C,T168C,A194G,C699G	165	4	1	N65S	False	119	3VRL	P
T33C,A122G,A229T,C699G	164	4	2	D41G,T77S	False	120	3VRL	P
T33C,A101T,G649A,C699G,G739A	164	5	3	E34V,G217S,A247T	False	121	3VRL	P
T33C,T62C,C699G	163	3	1	M21T	False	122	3VRL	P
T33C,C366T,C699G,T783C	162	4	0	*0*	False	123	3VRL	P
T33C,A87T,C699G	160	3	0	*0*	False	124	3VRL	P
T33C,G615A,C699G	159	3	0	*0*	False	125	3VRL	P
T33C,G255A,T455C,C699G	156	4	1	L152P	False	126	3VRL	P
T33C,T89A,T116C,T212C,C699G	156	5	3	L30Q,V39A,V71A	False	127	3VRL	P
T33C,T306C,A392G,C699G	153	4	1	Y131C	False	128	3VRL	P
T33C,A444G,A464G,T617A,C699G	151	5	2	H155R,L206Q	False	129	3VRL	P
T33C,C653G,C699G	147	3	1	A218G	False	130	3VRL	P
T33C,T80A,C699G	145	3	1	I27N	False	131	3VRL	P
C20G,T33C,G224A,A682G,C699G,T805A	143	6	4	A7G,S75N,I228V,W269R	False	132	3VRL	P
T33C,A54G,G298C,T581A,A644G,T672A,C699G,T773C	142	8	4	A100P,V194D,E215G,M258T	False	133	3VRL	P
T33C,T81C,T320C,T455A,A491G,A668G,C699G,A760G	139	8	5	L107P,L152H,D164G,E223G,T254A	False	134	3VRL	P
T33C,C357T,A478T,A636G,C699G	139	5	1	S160C	False	135	3VRL	P
T33C,A178T,C417T,A491G,G536A,T552C,C699G,T785C	138	8	4	S60C,D164G,G179D,L262P	False	136	3VRL	P
T33C,T306C,A392G,C670G,C699G	138	5	2	Y131C,R224G	False	137	3VRL	P
T33C,T213C,T306A,C471T,C699G	137	5	0	*0*	False	138	3VRL	P
T33C,A284G,T291C,T347C,C699G,C748A	123	6	3	E95G,F116S,R250S	False	139	3VRL	P
T33C,T237C,A369G,A396G,T657C,A679G,C699G,C748G	119	8	2	K227E,R250G	False	140	3VRL	P
T33C,T348C,A414G,C699G	117	4	0	*0*	False	141	3VRL	P
T33C,A158T,C357T,C699G	117	4	1	D53V	False	142	3VRL	P
T33C,T162A,C463T,T656C,A681T,C699G,A746T,C748T,T783C	116	9	6	D54E,H155Y,I219T,K227N,E249V,R250C	False	143	3VRL	P
T33C,C699G,T738C	115	3	0	*0*	False	144	3VRL	P
T33C,G332A,T597C,C699G,G752C	111	5	2	R111H,C251S	False	145	3VRL	P
T33C,C699G	759	2	0	*0*	False	1	3VRL	L
T33C,A276G,A431G,C699G	498	4	1	E144G	False	2	3VRL	L
T33C,C699G,T783A	491	3	0	*0*	False	3	3VRL	L
T33C,A101G,T301G,A569G,C699G	472	5	3	E34G,C101G,D190G	False	4	3VRL	L
T33C,G527A,T689C,C699G	408	4	2	R176H,L230P	False	5	3VRL	L
T33C,A175G,T410A,C699G	351	4	2	S59G,L137Q	False	6	3VRL	L
T33C,T128C,T309C,T437A,C640T,C699G	348	6	3	V43A,F146Y,R214C	False	7	3VRL	L
T33C,A285T,C699G	332	3	1	E95D	False	8	3VRL	L
T33C,T80C,A254G,C699G	332	4	2	I27T,Q85R	False	9	3VRL	L
T33C,C149T,T170A,A402G,G470T,C699G,C766T	331	7	4	A50V,F57Y,G157V,R256C	False	10	3VRL	L
T33C,A83G,T213C,A367G,T426C,G622A,C699G	316	7	3	H28R,K123E,E208K	False	11	3VRL	L
T33C,T533C,C699G	315	3	1	L178P	False	12	3VRL	L
T33C,T227C,T381A,C699G	315	4	1	V76A	False	13	3VRL	L
T33C,A64T,A625G,T642C,A681C,A692G,C699G,C756T	309	8	4	T22S,M209V,K227N,K231R	False	14	3VRL	L
T33C,C299T,T558C,C699G,C736T,G767A	306	6	3	A100V,H246Y,R256H	False	15	3VRL	L
T33C,A260G,G341A,A444C,T483C,A577G,A679G,C699G,A769G	302	9	5	D87G,R114H,M193V,K227E,T257A	False	16	3VRL	L
T33C,A67T,T359C,C699G	295	4	2	I23F,L120P	False	18	3VRL	L
C20T,T33C,T449C,A491T,C699G	292	5	3	A7V,F150S,D164V	False	19	3VRL	L
T33C,A75T,A282G,T346C,C699G	286	5	1	F116L	False	20	3VRL	L
G32A,T33C,A452G,G588C,C598T,C699G	282	6	4	R11H,N151S,W196C,P200S	False	21	3VRL	L
T33C,C304T,G698A,C699G	281	4	2	R102C,R233Q	False	22	3VRL	L
T33C,C86T,C598T,G696A,C699G	279	5	2	A29V,P200S	False	23	3VRL	L
T33C,G350A,A392G,A612G,C699G	279	5	2	S117N,Y131C	False	24	3VRL	L
T33C,A178C,G667C,C699G	279	4	2	S60R,E223Q	False	25	3VRL	L
T33C,T80A,C699G	278	3	1	I27N	False	26	3VRL	L
T33C,A105G,T159A,C329T,C699G,T788C	278	6	3	D53E,T110I,I263T	False	27	3VRL	L
T33C,C86T,T290C,T363A,C699G	275	5	3	A29V,F97S,D121E	False	29	3VRL	L
T33C,A441G,T507C,T609G,A635T,C699G,A742G,A754T	272	8	3	E212V,I248V,T252S	False	31	3VRL	L
T33C,T672A,C699G,C748A,T777C	269	5	1	R250S	False	32	3VRL	L
C20T,T33C,A107G,G183A,T288C,A464T,C699G,T785C	268	8	4	A7V,D36G,H155L,L262P	False	33	3VRL	L
T33C,A40G,A67G,A96G,A134G,A561G,C699G,C766T	267	8	4	T14A,I23V,D45G,R256C	False	35	3VRL	L
G19C,T33C,C699G,T738A	265	4	2	A7P,H246Q	False	36	3VRL	L
T33C,G157A,A311G,T474C,A569G,G661A,C699G	265	7	4	D53N,N104S,D190G,A221T	False	37	3VRL	L
T33C,A124G,C303T,T450C,C699G,A722T	264	6	2	I42V,Q241L	False	38	3VRL	L
T33C,T410C,A515T,C699G	261	4	2	L137P,H172L	False	39	3VRL	L
T33C,T290C,T306A,A491G,C699G	256	5	2	F97S,D164G	False	41	3VRL	L
T33C,C699G,A729G	256	3	0	*0*	False	42	3VRL	L
T33C,A64T,C177A,T318C,C699G,A757T	255	6	3	T22S,S59R,S253C	False	43	3VRL	L
T33C,C699G,A798C	254	3	1	E266D	False	44	3VRL	L
T33C,T125C,T689A,C699G	251	4	2	I42T,L230Q	False	45	3VRL	L
T33C,C177G,A190G,T201A,T545A,C699G	250	6	4	S59R,K64E,H67Q,L182Q	False	46	3VRL	L
T33C,A428G,T630A,C699G,A742G	246	5	3	Y143C,H210Q,I248V	False	47	3VRL	L
T33C,T425C,C699G,G717A	244	4	1	V142A	False	48	3VRL	L
T33C,A56G,C371T,T521C,C699G,A754G,T788C	243	7	5	E19G,P124L,F174S,T252A,I263T	False	49	3VRL	L
T33C,T338C,A428G,C699G	241	4	2	V113A,Y143C	False	50	3VRL	L
T33C,T169C,C653T,C699G	240	4	2	F57L,A218V	False	51	3VRL	L
T33C,T306G,G372A,T423A,A624G,C699G	239	6	0	*0*	False	52	3VRL	L
T33C,G321A,T354A,C433T,C699G	238	5	2	D118E,P145S	False	53	3VRL	L
T33C,T154C,T474C,T502A,C699G	238	5	2	W52R,W168R	False	54	3VRL	L
T33C,T93C,A118G,T507C,G556A,C699G	237	6	2	M40V,G186S	False	55	3VRL	L
T33C,A140G,G588T,C699G	237	4	2	E47G,W196C	False	56	3VRL	L
T33C,A101G,T185C,A428G,C699G	236	5	3	E34G,F62S,Y143C	False	57	3VRL	L
T33C,G388A,C699G,G739A,T751C	236	5	3	D130N,A247T,C251R	False	58	3VRL	L
T33C,A61G,T184C,C699G	233	4	2	M21V,F62L	False	59	3VRL	L
T33C,C53A,A245T,T474C,T477A,A682G,C699G	230	7	3	A18E,Q82L,I228V	False	60	3VRL	L
T33C,A72G,T81C,G214A,A491C,A547G,C699G	230	7	3	V72I,D164A,T183A	False	61	3VRL	L
T33C,T138C,A194G,G661C,C699G	228	5	2	N65S,A221P	False	62	3VRL	L
T33C,T233A,C699G	225	3	1	L78Q	False	63	3VRL	L
T33C,A83T,A141G,C199T,T363G,T567C,G649A,C699G	222	8	4	H28L,H67Y,D121E,G217S	False	64	3VRL	L
T13C,T33C,T228C,C611T,C699G	222	5	2	Y5H,A204V	False	65	3VRL	L
T33C,A83G,A178T,A263T,T456C,T543C,A629G,C699G	222	8	4	H28R,S60C,K88I,H210R	False	66	3VRL	L
T33C,G208C,A223G,A263G,T288C,T586A,C699G	221	7	4	G70R,S75G,K88R,W196R	False	67	3VRL	L
T33C,T168C,T468C,G605A,G667A,C699G	220	6	2	S202N,E223K	False	68	3VRL	L
T33C,T80C,C699G,A769G	219	4	2	I27T,T257A	False	69	3VRL	L
T33C,A203T,A282G,A493G,T651G,C677G,C699G	218	7	3	H68L,T165A,A226G	False	70	3VRL	L
T33C,C181A,C699G,T751C	217	4	2	P61T,C251R	False	71	3VRL	L
T33C,A310G,C385T,A401G,C699G,T750C	215	6	3	N104D,H129Y,E134G	False	72	3VRL	L
T33C,T114C,G243A,C343T,A431G,C699G	214	6	1	E144G	False	73	3VRL	L
T33C,T35C,C104G,T242C,A473G,A645G,C699G,T789C	214	8	4	F12S,A35G,L81P,D158G	False	74	3VRL	L
A21T,T33C,C197T,A349C,T609A,C699G	213	6	2	A66V,S117R	False	75	3VRL	L
T33C,T384C,G661A,C699G	212	4	1	A221T	False	76	3VRL	L
T33C,A353T,C699G	211	3	1	D118V	False	77	3VRL	L
T33C,C74A,C699G	210	3	1	A25E	False	78	3VRL	L
T33C,G292T,G470C,C487T,C699G	209	5	3	G98C,G157A,R163C	False	79	3VRL	L
T33C,T162C,C699G	209	3	0	*0*	False	80	3VRL	L
T33C,T116C,T215A,A624G,A636G,C699G,A747G,A793G	209	8	3	V39A,V72D,T265A	False	81	3VRL	L
T33C,C677G,C699G	207	3	1	A226G	False	82	3VRL	L
T33C,A111G,C149G,C182T,C699G	203	5	2	A50G,P61L	False	83	3VRL	L
T33C,A102G,A191G,T289C,A569T,C699G	202	6	3	K64R,F97L,D190V	False	84	3VRL	L
T33C,T301C,T552A,A644G,C699G,T789C	201	6	2	C101R,E215G	False	85	3VRL	L
T33C,T438G,T542C,A654T,C699G,A728G,G739A,A747G	199	8	4	F146L,F181S,K243R,A247T	False	86	3VRL	L
T33C,G538A,C699G	199	3	1	G180S	False	87	3VRL	L
T33C,T657A,C699G,A787T	194	4	1	I263F	False	88	3VRL	L
T33C,A547G,A563C,C699G,A712G	193	5	3	T183A,D188A,T238A	False	89	3VRL	L
T33C,T344C,C699G	193	3	1	L115P	False	90	3VRL	L
T33C,A141G,G256T,A593G,C699G	193	5	2	G86C,N198S	False	91	3VRL	L
T33C,T301C,C699G	190	3	1	C101R	False	92	3VRL	L
T33C,T169C,A592T,C699G,A727G	188	5	3	F57L,N198Y,K243E	False	94	3VRL	L
T33C,A96G,G360A,T410C,C699G	188	5	1	L137P	False	95	3VRL	L
T33C,T35C,A122T,C303T,C699G	187	5	2	F12S,D41V	False	97	3VRL	L
T33C,G316A,C699G,G803A	186	4	2	G106S,G268D	False	98	3VRL	L
T33C,T108C,A158G,C416T,A444G,T578C,G585C,T672C,C699G,A712C	186	10	5	D53G,T139I,M193T,M195I,T238P	False	99	3VRL	L
T33C,G43T,A158T,C699G,T738C	185	5	2	A15S,D53V	False	100	3VRL	L
T33C,C53T,G323A,T336A,C699G	183	5	3	A18V,R108H,F112L	False	101	3VRL	L
T33C,C699G,A757G	183	3	1	S253G	False	102	3VRL	L
T33C,T34C,G259A,T436C,A513C,T552C,T597C,T642A,C699G	182	9	4	F12L,D87N,F146L,K171N	False	103	3VRL	L
T33C,C699G,G786A	181	3	0	*0*	False	104	3VRL	L
T33C,A314G,A386G,T489C,A654G,C699G,T768C	180	7	2	D105G,H129R	False	105	3VRL	L
T33C,G317A,C329T,C699G,C795T	179	5	2	G106D,T110I	False	106	3VRL	L
C17G,T33C,T242C,T533C,C699G	178	5	3	P6R,L81P,L178P	False	107	3VRL	L
T33C,G305A,C699G	178	3	1	R102H	False	108	3VRL	L
T33C,A175G,G257C,T399A,C699G	177	5	2	S59G,G86A	False	109	3VRL	L
T33C,A102G,T286C,C699G	176	4	1	Y96H	False	110	3VRL	L
T33C,T129C,A207G,A282T,A655G,C699G	175	6	1	I219V	False	111	3VRL	L
T33C,A75G,C699G	173	3	0	*0*	False	112	3VRL	L
T33C,A96C,T294A,A368C,A431G,G518C,C699G	172	7	3	K123T,E144G,S173T	False	113	3VRL	L
T33C,C421T,C699G	171	3	1	R141C	False	114	3VRL	L
T33C,T35C,C699G	171	3	1	F12S	False	115	3VRL	L
T33C,C699G,T751C	170	3	1	C251R	False	116	3VRL	L
T33C,A252T,A276G,A459G,C699G	168	5	1	E84D	False	117	3VRL	L
T33C,C699G,A712G	168	3	1	T238A	False	118	3VRL	L
T33C,C53G,T651G,C699G	167	4	1	A18G	False	119	3VRL	L
T33C,A432G,C699G	166	3	0	*0*	False	120	3VRL	L
T33C,T138C,A219T,T320C,A499G,C699G	166	6	2	L107P,N167D	False	121	3VRL	L
T33C,C416T,T551C,G580A,C699G,C705T,C778T,C795T	165	8	3	T139I,I184T,V194I	False	122	3VRL	L
T33C,T126C,C699G	164	3	0	*0*	False	124	3VRL	L
T33C,A98G,C699G	164	3	1	D33G	False	125	3VRL	L
T33C,A604G,C699G,T702A	163	4	1	S202G	False	126	3VRL	L
T33C,A285G,T521C,T578C,C699G,G711A,G752T	162	7	3	F174S,M193T,C251F	False	127	3VRL	L
T33C,A158G,T306C,T507C,C699G	162	5	1	D53G	False	128	3VRL	L
T33C,T318C,G361A,C434T,T449C,C699G	161	6	3	D121N,P145L,F150S	False	129	3VRL	L
T33C,A260G,C699G	160	3	1	D87G	False	130	3VRL	L
T33C,T89C,A164G,A367G,C699G	159	5	3	L30P,E55G,K123E	False	131	3VRL	L
T33C,A561G,A655G,C699G	158	4	1	I219V	False	132	3VRL	L
T33C,T36C,A122G,A223G,C699G	155	5	2	D41G,S75G	False	133	3VRL	L
T13C,T33C,C699G	154	3	1	Y5H	False	134	3VRL	L
T33C,T318C,G698A,C699G	154	4	1	R233Q	False	135	3VRL	L
T33C,T586A,A655T,C699G	153	4	2	W196R,I219F	False	136	3VRL	L
T33C,A150G,T269C,C699G	151	4	1	V90A	False	137	3VRL	L
T33C,G589A,C699G	151	3	1	D197N	False	138	3VRL	L
T33C,T36A,A500T,A517G,G627A,G658A,C699G,T782C,T788C	149	9	7	F12L,N167I,S173G,M209I,A220T,L261P,I263T	False	139	3VRL	L
T33C,C648T,C699G,A712G,C756T	148	5	1	T238A	False	140	3VRL	L
T33C,T374A,T403C,T429C,C699G	145	5	2	L125Q,F135L	False	141	3VRL	L
T33C,C699G,A757T	145	3	1	S253C	False	142	3VRL	L
T33C,T68C,A260G,T294C,C699G	143	5	2	I23T,D87G	False	143	3VRL	L
T33C,C66G,T138C,T309C,C699G,T792C	141	6	0	*0*	False	144	3VRL	L
T33C,A252G,C371A,A473G,G538A,G574A,C699G	131	7	4	P124Q,D158G,G180S,G192S	False	145	3VRL	L
T33C,A464G,A566G,C699G,A798G	131	5	2	H155R,N189S	False	146	3VRL	L
T33C,G179A,A396G,A604G,A646G,C699G,T789G	129	7	4	S60N,S202G,T216A,I263M	False	147	3VRL	L
T33C,G211A,T233A,C640T,C699G	116	5	3	V71I,L78Q,R214C	False	148	3VRL	L
T33C,G121C,T170C,A252G,T449A,C699G	116	6	3	D41H,F57S,F150Y	False	149	3VRL	L
T33C,C326A,A561T,G574A,C699G,T750A	114	6	2	T109N,G192S	False	150	3VRL	L
T33C,G235A,T320G,T381A,A452C,C699G,C700A	111	7	4	G79S,L107R,N151T,P234T	False	151	3VRL	L
G24A,T33C,A67G,A98G,C523T,C699G	108	6	3	I23V,D33G,P175S	False	152	3VRL	L
T33C,T81C,C699G	108	3	0	*0*	False	153	3VRL	L
T33C,A172G,T426C,C699G	103	4	1	S58G	False	154	3VRL	L
T33C,C699G,C795A	932	3	0	*0*	False	1	3VRL	N
T33C,A54G,T151C,T237C,C699G,A722T,A728T	892	7	3	W51R,Q241L,K243I	False	2	3VRL	N
T33C,A229G,T339C,C699G	755	4	1	T77A	False	3	3VRL	N
T33C,T315C,A512T,C699G,T719C	701	5	2	K171I,F240S	False	4	3VRL	N
A21G,T33C,T93C,A140C,T354C,C684T,C699G,A800G	611	8	2	E47A,D267G	False	5	3VRL	N
T33C,A207G,T286C,T336C,G364A,C699G	571	6	2	Y96H,A122T	False	6	3VRL	N
T33C,T545C,C699G,A742T	566	4	2	L182P,I248F	False	7	3VRL	N
T33C,T69C,A260G,C385T,C699G	566	5	2	D87G,H129Y	False	8	3VRL	N
T33C,C365T,A432G,C699G	565	4	1	A122V	False	9	3VRL	N
T33C,C232A,T308C,G382C,G435T,A561G,C699G	531	7	3	L78M,V103A,G128R	False	10	3VRL	N
T33C,A150G,G382T,A511G,T570C,C699G	530	6	2	G128C,K171E	False	11	3VRL	N
T33C,T135C,T465C,T509A,A691C,C699G,C763G	527	7	3	L170Q,K231Q,R255G	False	12	3VRL	N
T33C,A122G,T261A,T266A,A459G,C699G,A712T	521	7	4	D41G,D87E,L89Q,T238S	False	13	3VRL	N
T33C,C41T,A111G,A646G,C699G	519	5	2	T14I,T216A	False	14	3VRL	N
T33C,A161G,A252C,A260G,A459G,C699G	514	6	3	D54G,E84D,D87G	False	15	3VRL	N
T33C,G575A,C699G	512	3	1	G192D	False	16	3VRL	N
T33C,C319T,C434T,C699G	510	4	1	P145L	False	17	3VRL	N
T33C,C221T,C699G,T719C	507	4	2	T74I,F240S	False	18	3VRL	N
T33C,T315A,C699G,G725A	507	4	2	D105E,S242N	False	19	3VRL	N
T33C,G302T,C699G	506	3	1	C101F	False	20	3VRL	N
T33C,G52A,T162C,A478G,C699G	505	5	2	A18T,S160G	False	21	3VRL	N
T33C,G608T,C699G	502	3	1	R203L	False	22	3VRL	N
T33C,T34C,T126C,G298A,A464G,C699G	496	6	3	F12L,A100T,H155R	False	23	3VRL	N
T33C,C461T,C699G,T738C	490	4	1	P154L	False	24	3VRL	N
T33C,T210C,T335A,C699G	489	4	1	F112Y	False	25	3VRL	N
T33C,T113A,A192G,C699G,T720C,A747G	489	6	1	V38D	False	26	3VRL	N
A23G,A28T,T33C,C49T,A107G,C699G	489	6	4	Q8R,M10L,R17C,D36G	False	27	3VRL	N
T33C,T138C,C699G	486	3	0	*0*	False	28	3VRL	N
T33C,T509A,C699G	485	3	1	L170Q	False	29	3VRL	N
T33C,A310G,C699G	484	3	1	N104D	False	30	3VRL	N
T33C,A57G,A124T,T151A,T308A,C699G	479	6	3	I42F,W51R,V103D	False	31	3VRL	N
T33C,A623T,T626A,C699G	474	4	2	E208V,M209K	False	32	3VRL	N
T33C,T201C,T290C,T363C,T509C,T586C,A625G,A679G,C699G	474	9	5	F97S,L170P,W196R,M209V,K227E	False	33	3VRL	N
T33C,A187G,A379G,A428G,C632T,C699G	472	6	4	T63A,I127V,Y143C,A211V	False	34	3VRL	N
T33C,A602G,C699G,G775A	471	4	2	E201G,G259S	False	35	3VRL	N
T33C,C333T,T334A,C699G	471	4	1	F112I	False	36	3VRL	N
A21G,T33C,T242C,A274G,T374C,T449C,T567C,C699G,A714T	469	9	4	L81P,K92E,L125P,F150S	False	37	3VRL	N
T33C,G350C,C699G,T702C	469	4	1	S117T	False	38	3VRL	N
T33C,T128C,A396G,T621C,A644T,T672C,C699G	467	7	2	V43A,E215V	False	39	3VRL	N
A23G,T33C,A146G,C356T,T398C,T533A,C699G	460	7	5	Q8R,D49G,A119V,V133A,L178Q	False	40	3VRL	N
T33C,T584G,T637C,C699G	456	4	2	M195R,Y213H	False	41	3VRL	N
T33C,A629G,C699G,T744A	448	4	1	H210R	False	42	3VRL	N
T33C,A402G,C699G	446	3	0	*0*	False	43	3VRL	N
G27A,T33C,A175G,G246A,A629G,C699G	443	6	2	S59G,H210R	False	44	3VRL	N
T33C,A96G,G106C,A252G,A264G,T338C,G388A,A590G,A685G,C699G,T738C	442	11	5	D36H,V113A,D130N,D197G,M229V	False	45	3VRL	N
T33C,A124G,T502C,C699G	441	4	2	I42V,W168R	False	46	3VRL	N
T33C,A105G,G176C,C182T,A396G,A569G,C699G,G749A	440	8	4	S59T,P61L,D190G,R250H	False	47	3VRL	N
T33C,A105T,T117C,T405C,A464G,T540C,C699G,A793T	436	8	2	H155R,T265S	False	48	3VRL	N
T33C,T69C,T151C,T410C,C699G,A757G	435	6	3	W51R,L137P,S253G	False	49	3VRL	N
T33C,T119A,T147C,T558A,C699G	430	5	1	M40K	False	50	3VRL	N
T33C,T99C,G430A,A629G,C699G,T718C	428	6	3	E144K,H210R,F240L	False	51	3VRL	N
C25T,T33C,T119C,C699G	413	4	1	M40T	False	52	3VRL	N
T33C,C385G,A401T,A482G,C699G	409	5	3	H129D,E134V,Y161C	False	53	3VRL	N
T33C,A64G,C599A,C699G	408	4	2	T22A,P200Q	False	54	3VRL	N
T33C,T449C,A515G,A646G,C699G	406	5	3	F150S,H172R,T216A	False	55	3VRL	N
T33C,T227C,A590G,C699G	404	4	2	V76A,D197G	False	56	3VRL	N
T33C,A563G,C699G	402	3	1	D188G	False	57	3VRL	N
T33C,G256A,C699G	399	3	1	G86S	False	58	3VRL	N
T33C,T570C,C699G	397	3	0	*0*	False	59	3VRL	N
T33C,A96G,T126C,G156T,T348C,C385G,C699G,T779C	394	8	3	W52C,H129D,L260P	False	60	3VRL	N
A10T,T33C,T35C,T108A,G173A,C699G,A747G	391	7	4	T4S,F12S,D36E,S58N	False	62	3VRL	N
T33C,G145A,C699G	391	3	1	D49N	False	63	3VRL	N
T33C,G85C,T184A,A624G,C699G	390	5	2	A29P,F62I	False	64	3VRL	N
T33C,C130T,T154A,C699G,C706G	390	5	3	P44S,W52R,Q236E	False	65	3VRL	N
T33C,T119C,G256C,A624G,C699G,T789A	389	6	2	M40T,G86R	False	66	3VRL	N
T33C,T291C,C699G,A737G,G758A	389	5	2	H246R,S253N	False	67	3VRL	N
T33C,T138C,C221A,T545C,A669T,C699G	386	6	3	T74N,L182P,E223D	False	68	3VRL	N
T33C,A254T,A499G,T502C,G555C,C699G,A722G	385	7	5	Q85L,N167D,W168R,Q185H,Q241R	False	69	3VRL	N
T33C,G76A,T466C,T489C,T542C,T586C,G587T,C699G,G775T	384	9	5	A26T,C156R,F181S,W196L,G259C	False	70	3VRL	N
A21G,T33C,T296A,C413T,T564C,C595T,A675G,C699G	384	8	3	I99N,A138V,R199C	False	71	3VRL	N
T33C,T338C,A367G,C699G,T804G	383	5	2	V113A,K123E	False	72	3VRL	N
T33C,A92G,C699G	378	3	1	D31G	False	74	3VRL	N
T33C,A314G,C699G,T720C	373	4	1	D105G	False	76	3VRL	N
T33C,G243A,A415G,C699G,C705A,T720C	370	6	1	T139A	False	78	3VRL	N
T33C,G256A,T374C,T381A,C699G	369	5	2	G86S,L125P	False	79	3VRL	N
T33C,T36A,A415G,A620G,C699G,G767C	368	6	4	F12L,T139A,D207G,R256P	False	81	3VRL	N
T33C,T242C,T324C,T489C,C699G	362	5	1	L81P	False	82	3VRL	N
T33C,C329T,T533C,C699G,A714G,G799A	361	6	3	T110I,L178P,D267N	False	83	3VRL	N
T33C,A220T,A554G,C699G	358	4	2	T74S,Q185R	False	84	3VRL	N
T33C,G293A,T309A,T387C,C699G,A737T,T744C,T768C	357	8	2	G98D,H246L	False	85	3VRL	N
T33C,A187G,C699G	354	3	1	T63A	False	87	3VRL	N
T33C,C699G	353	2	0	*0*	False	88	3VRL	N
T33C,G137A,C188G,C699G	352	4	2	G46D,T63S	False	89	3VRL	N
T33C,A61G,G277A,A401C,A444G,A493G,C699G,A746G	351	8	5	M21V,A93T,E134A,T165A,E249G	False	90	3VRL	N
T33C,G163C,C281T,T438C,G641A,A691G,C699G	347	7	4	E55Q,A94V,R214H,K231E	False	91	3VRL	N
T33C,T84C,G256T,C699G	344	4	1	G86C	False	93	3VRL	N
T33C,G50A,A441G,T543C,C699G	344	5	1	R17H	False	94	3VRL	N
T33C,T501C,G574T,A644G,C699G	343	5	2	G192C,E215G	False	95	3VRL	N
T33C,A220G,C699G,T782C	342	4	2	T74A,L261P	False	96	3VRL	N
T33C,A67G,T266C,A328T,A459G,T497C,A530G,A644G,C699G	337	9	6	I23V,L89P,T110S,V166A,Q177R,E215G	False	98	3VRL	N
T33C,T51A,T80C,C699G	336	4	1	I27T	False	99	3VRL	N
T33C,A158G,T204C,T390C,C595G,G673C,C699G,G775T,T779A	332	9	5	D53G,R199G,A225P,G259C,L260Q	False	101	3VRL	N
T33C,A57G,A625G,G649T,C699G	331	5	2	M209V,G217C	False	102	3VRL	N
T33C,T128A,A198G,A530G,C699G	331	5	2	V43D,Q177R	False	103	3VRL	N
T33C,A444G,C699G,T783C	330	4	0	*0*	False	104	3VRL	N
T33C,G293A,T516C,C699G,A772T	330	5	2	G98D,M258L	False	105	3VRL	N
T33C,A175G,A386G,A414C,G696A,C699G	329	6	2	S59G,H129R	False	106	3VRL	N
T33C,T154A,C231T,A620G,C699G	328	5	2	W52R,D207G	False	107	3VRL	N
T33C,A64G,G316A,C699G	325	4	2	T22A,G106S	False	108	3VRL	N
T33C,T113C,A275G,C446T,G536T,T542C,G580A,C699G	325	8	6	V38A,K92R,P149L,G179V,F181S,V194I	False	109	3VRL	N
T33C,A264G,T288C,T545C,C699G	324	5	1	L182P	False	110	3VRL	N
T33C,T288C,A431G,C461A,C699G,T710C,T792C	324	7	3	E144G,P154Q,L237P	False	111	3VRL	N
T33C,A325T,T449C,T542C,T672G,C699G	317	6	3	T109S,F150S,F181S	False	112	3VRL	N
T33C,T89A,A349G,A441G,C699G	316	5	2	L30Q,S117G	False	113	3VRL	N
T33C,T80C,A102G,T269C,A440C,C699G	316	6	3	I27T,V90A,E147A	False	114	3VRL	N
T33C,A118G,T423C,A654G,C699G	313	5	1	M40V	False	115	3VRL	N
T33C,C149T,A219G,C699G,A793T	311	5	2	A50V,T265S	False	116	3VRL	N
T33C,T521C,T543C,T558C,T597C,C699G,A727G	309	7	2	F174S,K243E	False	117	3VRL	N
T33C,T258C,G518A,C699G	306	4	1	S173N	False	118	3VRL	N
T33C,T216C,A396G,T657A,C699G	306	5	0	*0*	False	119	3VRL	N
T33C,A603G,G634A,C699G	304	4	1	E212K	False	120	3VRL	N
T33C,G37A,T162C,A274G,A512G,A604G,C699G	304	7	4	G13S,K92E,K171R,S202G	False	121	3VRL	N
T33C,C273G,T543C,C699G	303	4	1	S91R	False	122	3VRL	N
T33C,T116A,A122G,A493G,C697T,C699G	302	6	4	V39D,D41G,T165A,R233W	False	123	3VRL	N
C31T,T33C,A569G,T594C,T642A,C699G,A793G	301	7	3	R11C,D190G,T265A	False	124	3VRL	N
T33C,A75G,A96G,T128C,T201C,C699G,C705G	300	7	1	V43A	False	125	3VRL	N
T33C,G148A,T288C,T426C,C505G,C699G	300	6	2	A50T,P169A	False	126	3VRL	N
T33C,G256A,A444G,C677T,C699G	297	5	2	G86S,A226V	False	127	3VRL	N
T33C,T551C,C670T,C699G,A722T	297	5	3	I184T,R224C,Q241L	False	128	3VRL	N
T33C,T68C,T169C,T184C,G457C,C699G,A722T,T734C	296	8	6	I23T,F57L,F62L,A153P,Q241L,L245P	False	129	3VRL	N
C7T,T33C,A146C,C446A,C699G,C733T	289	6	3	H3Y,D49A,P149Q	False	130	3VRL	N
T33C,T89A,T348G,T497C,A620T,C699G	287	6	4	L30Q,F116L,V166A,D207V	False	131	3VRL	N
T33C,C241T,C300T,A679G,C699G	285	5	1	K227E	False	132	3VRL	N
C17G,T33C,T427C,T481C,C699G	285	5	3	P6R,Y143H,Y161H	False	133	3VRL	N
T33C,G106A,C694A,C699G	283	4	2	D36N,P232T	False	134	3VRL	N
T33C,A158G,T468C,C699G	282	4	1	D53G	False	135	3VRL	N
C20G,T33C,A254G,G361T,A389G,A414G,C417A,C699G	281	8	4	A7G,Q85R,D121Y,D130G	False	137	3VRL	N
T33C,T151C,T324A,C699G,C700T	276	5	2	W51R,P234S	False	138	3VRL	N
T33C,T81C,T108C,A172G,G211C,A500G,C699G	273	7	3	S58G,V71L,N167S	False	139	3VRL	N
T33C,A654G,C678A,C699G	273	4	0	*0*	False	140	3VRL	N
G27A,T33C,A389G,C699G	272	4	1	D130G	False	141	3VRL	N
T33C,C699G,T779C	271	3	1	L260P	False	142	3VRL	N
T33C,T237C,T291A,T404C,A685G,C699G	270	6	3	F97L,F135S,M229V	False	143	3VRL	N
A8T,T33C,A59G,A134G,C699G	268	5	3	H3L,H20R,D45G	False	144	3VRL	N
T33C,A164T,A512G,C699G	267	4	2	E55V,K171R	False	145	3VRL	N
T33C,T69C,T138C,G600T,T656C,C695T,C699G	266	7	2	I219T,P232L	False	146	3VRL	N
T29C,T33C,A602G,C699G	263	4	2	M10T,E201G	False	147	3VRL	N
T33C,T237C,G352A,A369G,T450C,A464G,G496A,G696A,C699G	261	9	3	D118N,H155R,V166I	False	148	3VRL	N
T33C,T89A,T114A,T507A,C699G	255	5	1	L30Q	False	149	3VRL	N
T33C,A500G,T502A,C699G,G780A	254	5	2	N167S,W168R	False	150	3VRL	N
T33C,A101T,T289A,C699G,C715T	252	5	2	E34V,F97I	False	151	3VRL	N
T33C,A92G,A431G,T642C,A675T,C699G	250	6	2	D31G,E144G	False	152	3VRL	N
T33C,A72G,C699G,C770T	248	4	1	T257I	False	153	3VRL	N
T33C,T81A,T93A,T184C,A414G,C699G	247	6	2	D31E,F62L	False	154	3VRL	N
T33C,A83G,A107G,C304T,C699G	247	5	3	H28R,D36G,R102C	False	155	3VRL	N
T33C,T60C,T266A,T405C,A669G,C699G	244	6	1	L89Q	False	156	3VRL	N
T33C,A314G,A369G,A646G,C677T,C699G,T738C	244	7	3	D105G,T216A,A226V	False	157	3VRL	N
C31T,T33C,A105T,A282T,T630C,C699G,C808T	241	7	2	R11C,R270C	False	158	3VRL	N
T33C,T125C,C177T,G361A,A513G,C699G,T738C	240	7	2	I42T,D121N	False	159	3VRL	N
T33C,A175T,C699G	238	3	1	S59C	False	161	3VRL	N
T33C,A101T,T126C,T204C,T403C,G588T,C699G	235	7	3	E34V,F135L,W196C	False	162	3VRL	N
T33C,A59T,G173A,T558C,C699G,T718C	234	6	3	H20L,S58N,F240L	False	163	3VRL	N
T33C,C131A,T290C,T551C,G666C,C699G	234	6	3	P44Q,F97S,I184T	False	164	3VRL	N
T33C,C110G,T609G,C697G,C699G	234	5	2	A37G,R233G	False	165	3VRL	N
T33C,C699G,A798T	232	3	1	E266D	False	166	3VRL	N
T33C,T138A,C247A,G332A,C699G,T720C	229	6	2	R83S,R111H	False	167	3VRL	N
T33C,C699G,C795A,G803A	224	4	1	G268D	False	170	3VRL	N
T33C,T597C,C699G	222	3	0	*0*	False	171	3VRL	N
T33C,G46A,T581C,T594C,C699G	222	5	2	A16T,V194A	False	172	3VRL	N
T33C,C406T,C699G	219	3	0	*0*	False	173	3VRL	N
T33C,T651C,C699G,A731G	215	4	1	N244S	False	174	3VRL	N
T33C,A172G,G442A,C699G	215	4	2	S58G,A148T	False	175	3VRL	N
T33C,T448C,C699G	209	3	1	F150L	False	176	3VRL	N
T26G,T33C,T410C,A530T,C699G	203	5	3	L9R,L137P,Q177L	False	177	3VRL	N
T33C,A96G,A101G,A362G,T516C,T542C,A663T,C699G	200	8	3	E34G,D121G,F181S	False	178	3VRL	N
T33C,A440G,T564C,A655T,C699G	193	5	2	E147G,I219F	False	179	3VRL	N
T33C,A263T,A491T,G690A,C699G	187	5	2	K88I,D164V	False	180	3VRL	N
T33C,G382T,C699G	185	3	1	G128C	False	181	3VRL	N
T33C,A200T,A444G,T551C,C699G	180	5	2	H67L,I184T	False	182	3VRL	N
T33C,T656C,C699G,C713T	125	4	2	I219T,T238I	False	184	3VRL	N
T33C,T123A,A263T,A491T,G690A,C699G	116	6	3	D41E,K88I,D164V	False	185	3VRL	N
