resnum	ss
1	L
2	L
3	L
4	L
5	S
6	S
7	S
8	S
9	S
10	S
11	L
12	L
13	L
14	L
15	L
16	L
17	S
18	S
19	S
20	S
21	S
22	L
23	H
24	H
25	H
26	H
27	H
28	H
29	H
30	H
31	H
32	H
33	L
34	L
35	L
36	S
37	S
38	S
39	S
40	S
41	S
42	L
43	L
44	L
45	L
46	L
47	H
48	H
49	H
50	H
51	H
52	H
53	H
54	L
55	H
56	H
57	H
58	L
59	L
60	L
61	L
62	L
63	L
64	L
65	L
66	L
67	L
68	L
69	L
70	L
71	H
72	H
73	H
74	L
75	L
76	L
77	L
78	H
79	H
80	H
81	H
82	H
83	H
84	L
85	L
86	L
87	H
88	H
89	H
90	H
91	H
92	H
93	H
94	H
95	H
96	H
97	H
98	H
99	H
100	H
101	H
102	H
103	H
104	H
105	H
106	H
107	H
108	H
109	H
110	L
111	H
112	H
113	H
114	H
115	H
116	H
117	H
118	H
119	H
120	H
121	L
122	L
123	L
124	L
125	L
126	L
127	L
128	L
129	L
130	L
131	L
132	L
133	L
134	L
135	L
136	L
137	L
138	L
139	S
140	S
141	S
142	S
143	S
144	L
145	L
146	L
147	L
148	L
149	L
150	L
151	L
152	L
153	L
154	L
155	L
156	L
157	L
158	L
159	L
160	L
161	L
162	L
163	L
164	L
165	L
166	L
167	L
168	L
169	L
170	L
171	L
172	L
173	L
174	L
175	L
176	L
177	L
178	S
179	S
180	S
181	S
182	S
183	S
184	S
185	S
186	L
187	L
188	L
189	L
190	L
191	L
192	L
193	S
194	S
195	S
196	S
197	L
198	L
199	L
200	L
201	L
202	L
203	H
204	H
205	H
206	H
207	H
208	H
209	H
210	H
211	H
212	H
213	H
214	H
215	H
216	H
217	L
218	L
219	L
220	H
221	H
222	H
223	H
224	L
225	L
226	L
227	S
228	S
229	S
230	S
231	L
232	L
233	L
234	L
235	S
236	S
237	S
238	S
239	S
240	S
241	S
242	L
243	L
244	L
245	L
246	S
247	S
248	S
249	L
250	L
251	L
252	L
253	L
254	L
255	S
256	S
257	S
258	S
259	S
260	S
261	S
262	S
263	S
264	S
265	L
266	L
267	L
268	L
269	S
270	S
271	S
272	S
273	L
