protein_name,mutations,evol_indices
mDHFR,wt,-0.0
mDHFR,N6A,5.4203796
mDHFR,N6C,6.946228
mDHFR,N6D,6.494934
mDHFR,N6E,6.381073
mDHFR,N6F,7.9183807
mDHFR,N6G,7.3282776
mDHFR,N6H,5.7032776
mDHFR,N6I,7.238983
mDHFR,N6K,4.4911804
mDHFR,N6L,9.0512085
mDHFR,N6M,8.609222
mDHFR,N6P,10.210373
mDHFR,N6Q,5.9144287
mDHFR,N6R,5.6481476
mDHFR,N6S,3.191803
mDHFR,N6T,5.028122
mDHFR,N6V,8.054001
mDHFR,N6W,10.052353
mDHFR,N6Y,5.548279
mDHFR,C7A,2.3995056
mDHFR,C7D,8.102402
mDHFR,C7E,7.403656
mDHFR,C7F,4.654831
mDHFR,C7G,2.692154
mDHFR,C7H,5.762085
mDHFR,C7I,2.679184
mDHFR,C7K,8.0186
mDHFR,C7L,1.9579315
mDHFR,C7M,3.4161835
mDHFR,C7N,7.7249756
mDHFR,C7P,7.873108
mDHFR,C7Q,6.5871735
mDHFR,C7R,9.195831
mDHFR,C7S,1.9289246
mDHFR,C7T,5.3696594
mDHFR,C7V,2.6105042
mDHFR,C7W,7.828171
mDHFR,C7Y,5.279007
mDHFR,I8A,7.702606
mDHFR,I8C,8.386551
mDHFR,I8D,10.1035
mDHFR,I8E,10.496796
mDHFR,I8F,7.9786224
mDHFR,I8G,10.511383
mDHFR,I8H,9.220978
mDHFR,I8K,8.9655
mDHFR,I8L,6.3671265
mDHFR,I8M,6.5041504
mDHFR,I8N,9.449478
mDHFR,I8P,11.166824
mDHFR,I8Q,9.775879
mDHFR,I8R,11.015533
mDHFR,I8S,8.864136
mDHFR,I8T,9.705872
mDHFR,I8V,3.1168213
mDHFR,I8W,10.05043
mDHFR,I8Y,7.3826294
mDHFR,V9A,1.87146
mDHFR,V9C,7.2289276
mDHFR,V9D,9.837372
mDHFR,V9E,9.374771
mDHFR,V9F,6.924774
mDHFR,V9G,7.7602844
mDHFR,V9H,10.170425
mDHFR,V9I,5.8378754
mDHFR,V9K,10.013107
mDHFR,V9L,5.629059
mDHFR,V9M,7.2282715
mDHFR,V9N,9.155273
mDHFR,V9P,10.393311
mDHFR,V9Q,10.224609
mDHFR,V9R,10.433121
mDHFR,V9S,6.467682
mDHFR,V9T,6.86998
mDHFR,V9W,6.512848
mDHFR,V9Y,7.215378
mDHFR,A10C,7.120453
mDHFR,A10D,12.881546
mDHFR,A10E,12.275848
mDHFR,A10F,11.770401
mDHFR,A10G,7.704727
mDHFR,A10H,11.304779
mDHFR,A10I,9.664627
mDHFR,A10K,12.544281
mDHFR,A10L,10.642853
mDHFR,A10M,11.438034
mDHFR,A10N,9.718277
mDHFR,A10P,13.320435
mDHFR,A10Q,10.473175
mDHFR,A10R,11.931625
mDHFR,A10S,8.772797
mDHFR,A10T,9.804855
mDHFR,A10V,9.052353
mDHFR,A10W,12.349182
mDHFR,A10Y,12.525803
mDHFR,V11A,3.4211578
mDHFR,V11C,5.7796783
mDHFR,V11D,10.6996765
mDHFR,V11E,7.273575
mDHFR,V11F,7.5759735
mDHFR,V11G,10.047653
mDHFR,V11H,6.740631
mDHFR,V11I,5.2932587
mDHFR,V11K,7.665558
mDHFR,V11L,5.8657837
mDHFR,V11M,5.13356
mDHFR,V11N,10.505035
mDHFR,V11P,10.125931
mDHFR,V11Q,7.605774
mDHFR,V11R,8.367172
mDHFR,V11S,7.1550293
mDHFR,V11T,5.6454315
mDHFR,V11W,10.600006
mDHFR,V11Y,6.5475006
mDHFR,S12A,1.2867737
mDHFR,S12C,-3.3423157
mDHFR,S12D,0.5666809
mDHFR,S12E,3.5804749
mDHFR,S12F,9.059021
mDHFR,S12G,4.0220795
mDHFR,S12H,5.017746
mDHFR,S12I,6.3416595
mDHFR,S12K,4.493759
mDHFR,S12L,4.0407257
mDHFR,S12M,5.0324707
mDHFR,S12N,4.138275
mDHFR,S12P,5.408676
mDHFR,S12Q,4.6625214
mDHFR,S12R,5.6807556
mDHFR,S12T,2.0829773
mDHFR,S12V,6.03891
mDHFR,S12W,6.8086853
mDHFR,S12Y,5.8996735
mDHFR,Q13A,2.0180817
mDHFR,Q13C,5.137024
mDHFR,Q13D,1.9271545
mDHFR,Q13E,-0.56947327
mDHFR,Q13F,5.943573
mDHFR,Q13G,3.3292542
mDHFR,Q13H,2.8658295
mDHFR,Q13I,3.8921356
mDHFR,Q13K,1.1146545
mDHFR,Q13L,2.6566315
mDHFR,Q13M,4.63385
mDHFR,Q13N,0.20675659
mDHFR,Q13P,-1.396698
mDHFR,Q13R,1.1556549
mDHFR,Q13S,1.0447235
mDHFR,Q13T,1.7450562
mDHFR,Q13V,3.5041046
mDHFR,Q13W,6.1138763
mDHFR,Q13Y,5.2347565
mDHFR,N14A,5.366623
mDHFR,N14C,6.1875763
mDHFR,N14D,1.4480286
mDHFR,N14E,4.976822
mDHFR,N14F,8.009872
mDHFR,N14G,3.5457764
mDHFR,N14H,5.166321
mDHFR,N14I,8.155106
mDHFR,N14K,3.3512268
mDHFR,N14L,6.1856537
mDHFR,N14M,7.4386597
mDHFR,N14P,8.246521
mDHFR,N14Q,3.75206
mDHFR,N14R,5.1711273
mDHFR,N14S,3.3516235
mDHFR,N14T,5.16658
mDHFR,N14V,7.3409576
mDHFR,N14W,8.880859
mDHFR,N14Y,7.216629
mDHFR,M15A,7.248703
mDHFR,M15C,7.2816315
mDHFR,M15D,6.451004
mDHFR,M15E,7.481674
mDHFR,M15F,3.3768768
mDHFR,M15G,3.3335571
mDHFR,M15H,5.7746735
mDHFR,M15I,9.35611
mDHFR,M15K,5.4564056
mDHFR,M15L,1.2597351
mDHFR,M15N,4.6651
mDHFR,M15P,7.5841064
mDHFR,M15Q,4.8507843
mDHFR,M15R,3.2749481
mDHFR,M15S,5.630127
mDHFR,M15T,8.496124
mDHFR,M15V,8.607834
mDHFR,M15W,4.106308
mDHFR,M15Y,4.753723
mDHFR,G16A,6.6251526
mDHFR,G16C,9.468002
mDHFR,G16D,13.437622
mDHFR,G16E,9.723404
mDHFR,G16F,9.62793
mDHFR,G16H,11.747086
mDHFR,G16I,9.149277
mDHFR,G16K,11.292679
mDHFR,G16L,9.558533
mDHFR,G16M,10.730682
mDHFR,G16N,10.780853
mDHFR,G16P,12.826279
mDHFR,G16Q,9.927429
mDHFR,G16R,11.109528
mDHFR,G16S,10.340256
mDHFR,G16T,10.477081
mDHFR,G16V,8.116028
mDHFR,G16W,11.119202
mDHFR,G16Y,10.067734
mDHFR,I17A,10.29541
mDHFR,I17C,10.93573
mDHFR,I17D,11.597351
mDHFR,I17E,11.460022
mDHFR,I17F,8.703751
mDHFR,I17G,12.016525
mDHFR,I17H,11.395782
mDHFR,I17K,12.083725
mDHFR,I17L,6.295532
mDHFR,I17M,7.2528534
mDHFR,I17N,10.90033
mDHFR,I17P,11.931976
mDHFR,I17Q,12.203033
mDHFR,I17R,11.710648
mDHFR,I17S,10.864975
mDHFR,I17T,9.850952
mDHFR,I17V,7.355423
mDHFR,I17W,11.618423
mDHFR,I17Y,10.29866
mDHFR,G18A,6.7631836
mDHFR,G18C,11.4118805
mDHFR,G18D,10.770523
mDHFR,G18E,10.791153
mDHFR,G18F,12.138458
mDHFR,G18H,11.859711
mDHFR,G18I,12.3789215
mDHFR,G18K,12.315323
mDHFR,G18L,12.063385
mDHFR,G18M,11.736404
mDHFR,G18N,10.285004
mDHFR,G18P,11.79158
mDHFR,G18Q,11.517807
mDHFR,G18R,12.274902
mDHFR,G18S,7.154999
mDHFR,G18T,10.134735
mDHFR,G18V,9.819321
mDHFR,G18W,11.4826355
mDHFR,G18Y,12.184433
mDHFR,K19A,5.2972717
mDHFR,K19C,5.274399
mDHFR,K19D,5.838623
mDHFR,K19E,6.984009
mDHFR,K19F,3.7742462
mDHFR,K19G,7.2053833
mDHFR,K19H,5.5907745
mDHFR,K19I,3.1687317
mDHFR,K19L,3.7802582
mDHFR,K19M,5.894272
mDHFR,K19N,2.8265228
mDHFR,K19P,6.893997
mDHFR,K19Q,5.1151276
mDHFR,K19R,4.194275
mDHFR,K19S,5.701874
mDHFR,K19T,6.5048523
mDHFR,K19V,3.9738312
mDHFR,K19W,8.151672
mDHFR,K19Y,3.4526215
mDHFR,N20A,3.1170502
mDHFR,N20C,4.3058014
mDHFR,N20D,0.2828827
mDHFR,N20E,2.6859283
mDHFR,N20F,7.988205
mDHFR,N20G,2.5569763
mDHFR,N20H,4.427582
mDHFR,N20I,9.132446
mDHFR,N20K,0.8877106
mDHFR,N20L,5.3482056
mDHFR,N20M,7.215805
mDHFR,N20P,6.5830994
mDHFR,N20Q,3.2704773
mDHFR,N20R,4.051758
mDHFR,N20S,2.827301
mDHFR,N20T,5.0880737
mDHFR,N20V,7.19606
mDHFR,N20W,7.9855804
mDHFR,N20Y,7.1874237
mDHFR,G21A,7.351425
mDHFR,G21C,8.515533
mDHFR,G21D,7.128128
mDHFR,G21E,7.547348
mDHFR,G21F,9.107178
mDHFR,G21H,8.160782
mDHFR,G21I,9.992401
mDHFR,G21K,6.9858856
mDHFR,G21L,8.424179
mDHFR,G21M,8.96936
mDHFR,G21N,3.5496216
mDHFR,G21P,9.422623
mDHFR,G21Q,6.0187836
mDHFR,G21R,7.556427
mDHFR,G21S,6.829483
mDHFR,G21T,8.152847
mDHFR,G21V,9.367828
mDHFR,G21W,9.615204
mDHFR,G21Y,9.034775
mDHFR,D22A,2.6678467
mDHFR,D22C,4.5274963
mDHFR,D22E,2.491928
mDHFR,D22F,6.0738983
mDHFR,D22G,1.0118256
mDHFR,D22H,3.5436707
mDHFR,D22I,4.2657776
mDHFR,D22K,-0.58384705
mDHFR,D22L,4.6963043
mDHFR,D22M,4.6087036
mDHFR,D22N,-1.2494507
mDHFR,D22P,6.192276
mDHFR,D22Q,1.8168793
mDHFR,D22R,0.7825012
mDHFR,D22S,2.0782776
mDHFR,D22T,-0.02029419
mDHFR,D22V,4.312454
mDHFR,D22W,5.2476044
mDHFR,D22Y,5.545532
mDHFR,L23A,8.660477
mDHFR,L23C,10.056824
mDHFR,L23D,9.185425
mDHFR,L23E,8.861374
mDHFR,L23F,5.6743317
mDHFR,L23G,9.321655
mDHFR,L23H,9.05603
mDHFR,L23I,4.321457
mDHFR,L23K,9.987549
mDHFR,L23M,3.8566742
mDHFR,L23N,9.619751
mDHFR,L23P,8.119202
mDHFR,L23Q,7.7297974
mDHFR,L23R,9.446426
mDHFR,L23S,8.510529
mDHFR,L23T,8.088058
mDHFR,L23V,6.178604
mDHFR,L23W,9.220947
mDHFR,L23Y,8.956284
mDHFR,P24A,6.600296
mDHFR,P24C,11.140732
mDHFR,P24D,8.099823
mDHFR,P24E,8.494308
mDHFR,P24F,10.976135
mDHFR,P24G,9.846527
mDHFR,P24H,11.197128
mDHFR,P24I,7.5467834
mDHFR,P24K,10.155899
mDHFR,P24L,6.070984
mDHFR,P24M,9.080109
mDHFR,P24N,9.997574
mDHFR,P24Q,9.582474
mDHFR,P24R,9.45256
mDHFR,P24S,9.167999
mDHFR,P24T,10.244659
mDHFR,P24V,9.236877
mDHFR,P24W,12.014435
mDHFR,P24Y,11.233322
mDHFR,W25A,8.632904
mDHFR,W25C,7.9495544
mDHFR,W25D,10.188782
mDHFR,W25E,10.389679
mDHFR,W25F,6.988098
mDHFR,W25G,10.000397
mDHFR,W25H,10.33725
mDHFR,W25I,8.960709
mDHFR,W25K,10.524902
mDHFR,W25L,9.899124
mDHFR,W25M,10.821899
mDHFR,W25N,10.331131
mDHFR,W25P,11.649704
mDHFR,W25Q,10.146103
mDHFR,W25R,9.795731
mDHFR,W25S,10.012802
mDHFR,W25T,9.140884
mDHFR,W25V,8.076309
mDHFR,W25Y,7.441452
mDHFR,P26A,5.2600555
mDHFR,P26C,6.166046
mDHFR,P26D,4.6186066
mDHFR,P26E,5.6316223
mDHFR,P26F,5.86055
mDHFR,P26G,4.33313
mDHFR,P26H,0.5788269
mDHFR,P26I,6.5234833
mDHFR,P26K,2.9822845
mDHFR,P26L,4.4995728
mDHFR,P26M,6.1074066
mDHFR,P26N,3.3394318
mDHFR,P26Q,3.9585266
mDHFR,P26R,2.343048
mDHFR,P26S,3.2300262
mDHFR,P26T,3.657898
mDHFR,P26V,6.3732758
mDHFR,P26W,5.115509
mDHFR,P26Y,3.957306
mDHFR,L28A,8.34021
mDHFR,L28C,8.301331
mDHFR,L28D,9.520905
mDHFR,L28E,9.041534
mDHFR,L28F,6.2389984
mDHFR,L28G,8.772446
mDHFR,L28H,8.689804
mDHFR,L28I,4.170334
mDHFR,L28K,10.678848
mDHFR,L28M,7.604004
mDHFR,L28N,7.667404
mDHFR,L28P,9.10498
mDHFR,L28Q,9.444107
mDHFR,L28R,9.937729
mDHFR,L28S,7.482132
mDHFR,L28T,8.974274
mDHFR,L28V,6.6374054
mDHFR,L28W,9.678635
mDHFR,L28Y,7.8520355
mDHFR,R29A,3.8244781
mDHFR,R29C,6.8773346
mDHFR,R29D,5.197296
mDHFR,R29E,4.7807465
mDHFR,R29F,6.264557
mDHFR,R29G,3.7590332
mDHFR,R29H,5.8220215
mDHFR,R29I,6.173935
mDHFR,R29K,0.7005005
mDHFR,R29L,5.9706726
mDHFR,R29M,6.8751526
mDHFR,R29N,2.6863708
mDHFR,R29P,1.7174988
mDHFR,R29Q,4.478424
mDHFR,R29S,0.555954
mDHFR,R29T,4.521652
mDHFR,R29V,5.9500732
mDHFR,R29W,8.041626
mDHFR,R29Y,6.9638977
mDHFR,N30A,5.7054596
mDHFR,N30C,9.056625
mDHFR,N30D,6.1799316
mDHFR,N30E,4.4287567
mDHFR,N30F,8.450851
mDHFR,N30G,3.8091736
mDHFR,N30H,7.3930206
mDHFR,N30I,7.1972504
mDHFR,N30K,2.1265564
mDHFR,N30L,7.471985
mDHFR,N30M,8.411972
mDHFR,N30P,6.8230743
mDHFR,N30Q,4.266281
mDHFR,N30R,5.544571
mDHFR,N30S,3.8692322
mDHFR,N30T,5.0996246
mDHFR,N30V,6.9747467
mDHFR,N30W,8.56665
mDHFR,N30Y,9.035873
mDHFR,E31A,8.190628
mDHFR,E31C,11.237061
mDHFR,E31D,2.330307
mDHFR,E31F,10.343384
mDHFR,E31G,8.5034485
mDHFR,E31H,9.615723
mDHFR,E31I,9.648132
mDHFR,E31K,9.196976
mDHFR,E31L,9.710724
mDHFR,E31M,10.093185
mDHFR,E31N,8.06398
mDHFR,E31P,9.037735
mDHFR,E31Q,8.716431
mDHFR,E31R,9.431976
mDHFR,E31S,7.849701
mDHFR,E31T,8.707382
mDHFR,E31V,9.06955
mDHFR,E31W,9.773804
mDHFR,E31Y,9.471725
mDHFR,F32A,6.2697296
mDHFR,F32C,8.704758
mDHFR,F32D,6.985382
mDHFR,F32E,6.7550507
mDHFR,F32G,6.9272766
mDHFR,F32H,6.2756042
mDHFR,F32I,5.3429565
mDHFR,F32K,7.044571
mDHFR,F32L,1.7054749
mDHFR,F32M,1.7105255
mDHFR,F32N,6.7391815
mDHFR,F32P,7.931473
mDHFR,F32Q,6.087631
mDHFR,F32R,5.9912567
mDHFR,F32S,6.0192566
mDHFR,F32T,5.407196
mDHFR,F32V,6.006775
mDHFR,F32W,7.209503
mDHFR,F32Y,3.6130219
mDHFR,K33A,1.48526
mDHFR,K33C,7.664154
mDHFR,K33D,4.843109
mDHFR,K33E,2.5639038
mDHFR,K33F,7.5059814
mDHFR,K33G,5.101776
mDHFR,K33H,5.2803345
mDHFR,K33I,6.444504
mDHFR,K33L,5.2789307
mDHFR,K33M,4.5496826
mDHFR,K33N,3.8965607
mDHFR,K33P,6.7581787
mDHFR,K33Q,3.3215485
mDHFR,K33R,1.8974762
mDHFR,K33S,4.305359
mDHFR,K33T,5.000885
mDHFR,K33V,5.235779
mDHFR,K33W,8.521805
mDHFR,K33Y,5.8065796
mDHFR,Y34A,6.314682
mDHFR,Y34C,7.962555
mDHFR,Y34D,6.7352753
mDHFR,Y34E,5.7736206
mDHFR,Y34F,1.5764313
mDHFR,Y34G,6.2612
mDHFR,Y34H,0.28305054
mDHFR,Y34I,6.4912567
mDHFR,Y34K,6.3356476
mDHFR,Y34L,4.414856
mDHFR,Y34M,6.246475
mDHFR,Y34N,4.841675
mDHFR,Y34P,7.0421753
mDHFR,Y34Q,5.321228
mDHFR,Y34R,3.4574738
mDHFR,Y34S,5.8632965
mDHFR,Y34T,6.5735016
mDHFR,Y34V,5.8835754
mDHFR,Y34W,5.438324
mDHFR,F35A,8.006149
mDHFR,F35C,10.69603
mDHFR,F35D,8.990829
mDHFR,F35E,8.98378
mDHFR,F35G,8.765579
mDHFR,F35H,8.570328
mDHFR,F35I,8.554474
mDHFR,F35K,9.770172
mDHFR,F35L,6.1621094
mDHFR,F35M,7.1683807
mDHFR,F35N,9.421204
mDHFR,F35P,9.669434
mDHFR,F35Q,9.734177
mDHFR,F35R,9.749054
mDHFR,F35S,9.133606
mDHFR,F35T,8.221405
mDHFR,F35V,6.987854
mDHFR,F35W,9.064011
mDHFR,F35Y,4.8061066
mDHFR,Q36A,3.9937744
mDHFR,Q36C,6.282181
mDHFR,Q36D,5.963974
mDHFR,Q36E,4.7955017
mDHFR,Q36F,6.8325043
mDHFR,Q36G,6.050949
mDHFR,Q36H,4.826828
mDHFR,Q36I,5.3171234
mDHFR,Q36K,2.6522522
mDHFR,Q36L,4.682556
mDHFR,Q36M,5.8544464
mDHFR,Q36N,4.000107
mDHFR,Q36P,7.3451843
mDHFR,Q36R,2.3480835
mDHFR,Q36S,3.4834747
mDHFR,Q36T,3.4707336
mDHFR,Q36V,4.746704
mDHFR,Q36W,7.6301727
mDHFR,Q36Y,6.045929
mDHFR,R37A,3.4742737
mDHFR,R37C,7.03685
mDHFR,R37D,2.8498993
mDHFR,R37E,2.9754333
mDHFR,R37F,5.503647
mDHFR,R37G,5.288101
mDHFR,R37H,3.574234
mDHFR,R37I,6.126877
mDHFR,R37K,-0.70669556
mDHFR,R37L,4.9318542
mDHFR,R37M,5.2704773
mDHFR,R37N,3.0772095
mDHFR,R37P,6.899399
mDHFR,R37Q,3.1174774
mDHFR,R37S,2.9746246
mDHFR,R37T,2.6074219
mDHFR,R37V,5.565033
mDHFR,R37W,7.3176575
mDHFR,R37Y,5.315048
mDHFR,M38A,6.1306305
mDHFR,M38C,7.281357
mDHFR,M38D,8.323456
mDHFR,M38E,7.1112823
mDHFR,M38F,6.681534
mDHFR,M38G,7.8593597
mDHFR,M38H,6.9022827
mDHFR,M38I,3.7796326
mDHFR,M38K,5.1881714
mDHFR,M38L,2.3497314
mDHFR,M38N,7.0830536
mDHFR,M38P,8.943085
mDHFR,M38Q,6.5987854
mDHFR,M38R,7.047882
mDHFR,M38S,6.1202087
mDHFR,M38T,4.1116486
mDHFR,M38V,4.1707
mDHFR,M38W,8.868332
mDHFR,M38Y,7.111923
mDHFR,T39A,7.390671
mDHFR,T39C,8.486328
mDHFR,T39D,8.585373
mDHFR,T39E,9.0142975
mDHFR,T39F,8.284073
mDHFR,T39G,9.004425
mDHFR,T39H,9.659973
mDHFR,T39I,5.7637787
mDHFR,T39K,9.830933
mDHFR,T39L,7.298279
mDHFR,T39M,8.424179
mDHFR,T39N,8.7526245
mDHFR,T39P,9.687881
mDHFR,T39Q,10.190872
mDHFR,T39R,8.862961
mDHFR,T39S,5.4095306
mDHFR,T39V,6.833008
mDHFR,T39W,9.484283
mDHFR,T39Y,7.9749756
mDHFR,T40A,2.3238525
mDHFR,T40C,4.705658
mDHFR,T40D,5.153305
mDHFR,T40E,4.535858
mDHFR,T40F,5.7541046
mDHFR,T40G,5.534973
mDHFR,T40H,5.757675
mDHFR,T40I,3.2480774
mDHFR,T40K,1.8020477
mDHFR,T40L,3.2439575
mDHFR,T40M,1.3854218
mDHFR,T40N,4.600357
mDHFR,T40P,6.234146
mDHFR,T40Q,3.2913818
mDHFR,T40R,2.909378
mDHFR,T40S,0.09020996
mDHFR,T40V,2.893753
mDHFR,T40W,5.335434
mDHFR,T40Y,5.0202026
mDHFR,T41A,4.5027313
mDHFR,T41C,8.077576
mDHFR,T41D,4.917221
mDHFR,T41E,4.126358
mDHFR,T41F,6.8852997
mDHFR,T41G,4.1701965
mDHFR,T41H,5.634796
mDHFR,T41I,7.522751
mDHFR,T41K,3.9812317
mDHFR,T41L,5.803055
mDHFR,T41M,7.2434845
mDHFR,T41N,5.004547
mDHFR,T41P,6.648102
mDHFR,T41Q,4.1452026
mDHFR,T41R,4.248749
mDHFR,T41S,3.80365
mDHFR,T41V,6.317734
mDHFR,T41W,8.505936
mDHFR,T41Y,6.203125
mDHFR,N49A,9.733032
mDHFR,N49C,8.429123
mDHFR,N49D,9.3125305
mDHFR,N49E,9.993454
mDHFR,N49F,9.812683
mDHFR,N49G,8.051254
mDHFR,N49H,6.7174835
mDHFR,N49I,12.535385
mDHFR,N49K,8.985153
mDHFR,N49L,10.5815735
mDHFR,N49M,10.078873
mDHFR,N49P,11.084549
mDHFR,N49Q,8.62915
mDHFR,N49R,9.870483
mDHFR,N49S,8.6245575
mDHFR,N49T,10.134857
mDHFR,N49V,10.076599
mDHFR,N49W,11.304596
mDHFR,N49Y,9.461975
mDHFR,L50A,-1.4889679
mDHFR,L50C,3.2953796
mDHFR,L50D,3.8078308
mDHFR,L50E,5.050171
mDHFR,L50F,3.9786072
mDHFR,L50G,2.7956848
mDHFR,L50H,3.4120789
mDHFR,L50I,1.2305298
mDHFR,L50K,4.2414246
mDHFR,L50M,0.874176
mDHFR,L50N,3.4495544
mDHFR,L50P,2.8302765
mDHFR,L50Q,4.668152
mDHFR,L50R,3.7568817
mDHFR,L50S,2.546997
mDHFR,L50T,1.0231018
mDHFR,L50V,-3.0574036
mDHFR,L50W,4.923477
mDHFR,L50Y,3.400879
mDHFR,V51A,6.0056763
mDHFR,V51C,5.5106506
mDHFR,V51D,10.210922
mDHFR,V51E,9.28035
mDHFR,V51F,9.168457
mDHFR,V51G,9.609573
mDHFR,V51H,7.72583
mDHFR,V51I,3.6584778
mDHFR,V51K,10.493622
mDHFR,V51L,3.0496063
mDHFR,V51M,5.3243103
mDHFR,V51N,7.6606293
mDHFR,V51P,9.737381
mDHFR,V51Q,9.308853
mDHFR,V51R,10.3199005
mDHFR,V51S,8.38176
mDHFR,V51T,7.8207855
mDHFR,V51W,9.434784
mDHFR,V51Y,8.574371
mDHFR,I52A,8.101532
mDHFR,I52C,9.161774
mDHFR,I52D,10.189331
mDHFR,I52E,10.330185
mDHFR,I52F,8.497604
mDHFR,I52G,10.271973
mDHFR,I52H,10.275421
mDHFR,I52K,12.965851
mDHFR,I52L,3.6217499
mDHFR,I52M,7.6635284
mDHFR,I52N,10.149399
mDHFR,I52P,10.13475
mDHFR,I52Q,10.0898285
mDHFR,I52R,10.345428
mDHFR,I52S,10.396378
mDHFR,I52T,10.360199
mDHFR,I52V,3.1309357
mDHFR,I52W,10.07251
mDHFR,I52Y,9.954224
mDHFR,M53A,7.519272
mDHFR,M53C,7.628433
mDHFR,M53D,9.74765
mDHFR,M53E,8.185104
mDHFR,M53F,6.560974
mDHFR,M53G,8.762146
mDHFR,M53H,8.759506
mDHFR,M53I,6.065857
mDHFR,M53K,8.345184
mDHFR,M53L,4.634247
mDHFR,M53N,9.734772
mDHFR,M53P,10.169861
mDHFR,M53Q,7.356247
mDHFR,M53R,9.929428
mDHFR,M53S,7.3594055
mDHFR,M53T,7.7467346
mDHFR,M53V,6.1323547
mDHFR,M53W,6.0359344
mDHFR,M53Y,8.059082
mDHFR,G54A,10.113831
mDHFR,G54C,11.087723
mDHFR,G54D,10.131378
mDHFR,G54E,12.421921
mDHFR,G54F,11.27948
mDHFR,G54H,11.861984
mDHFR,G54I,11.336807
mDHFR,G54K,11.298004
mDHFR,G54L,12.046783
mDHFR,G54M,11.746277
mDHFR,G54N,11.890549
mDHFR,G54P,11.090546
mDHFR,G54Q,13.178085
mDHFR,G54R,10.921356
mDHFR,G54S,9.308304
mDHFR,G54T,11.623184
mDHFR,G54V,11.67688
mDHFR,G54W,11.600204
mDHFR,G54Y,10.95816
mDHFR,R55A,6.464035
mDHFR,R55C,10.495346
mDHFR,R55D,7.7480774
mDHFR,R55E,6.7233276
mDHFR,R55F,7.9309845
mDHFR,R55G,7.4808807
mDHFR,R55H,6.0345764
mDHFR,R55I,7.6670837
mDHFR,R55K,1.9947815
mDHFR,R55L,6.9318085
mDHFR,R55M,7.871872
mDHFR,R55N,7.204605
mDHFR,R55P,8.431427
mDHFR,R55Q,6.603073
mDHFR,R55S,5.354004
mDHFR,R55T,6.661026
mDHFR,R55V,8.049561
mDHFR,R55W,6.890274
mDHFR,R55Y,5.0987854
mDHFR,K56A,5.229126
mDHFR,K56C,7.655075
mDHFR,K56D,8.543335
mDHFR,K56E,7.148407
mDHFR,K56F,8.625305
mDHFR,K56G,5.493149
mDHFR,K56H,5.486679
mDHFR,K56I,6.2263336
mDHFR,K56L,4.493149
mDHFR,K56M,7.603058
mDHFR,K56N,2.5003357
mDHFR,K56P,8.099686
mDHFR,K56Q,6.7078247
mDHFR,K56R,2.0832214
mDHFR,K56S,5.5229797
mDHFR,K56T,4.430023
mDHFR,K56V,4.5674744
mDHFR,K56W,9.314285
mDHFR,K56Y,8.308456
mDHFR,T57A,9.133423
mDHFR,T57C,6.40596
mDHFR,T57D,11.645477
mDHFR,T57E,11.490372
mDHFR,T57F,10.279953
mDHFR,T57G,9.209274
mDHFR,T57H,10.571457
mDHFR,T57I,10.400177
mDHFR,T57K,9.931335
mDHFR,T57L,9.392258
mDHFR,T57M,9.619522
mDHFR,T57N,7.666504
mDHFR,T57P,10.966202
mDHFR,T57Q,9.427597
mDHFR,T57R,10.524673
mDHFR,T57S,5.7718964
mDHFR,T57V,6.9724274
mDHFR,T57W,10.896378
mDHFR,T57Y,10.118683
mDHFR,W58A,7.6249237
mDHFR,W58C,8.100723
mDHFR,W58D,11.174957
mDHFR,W58E,10.277573
mDHFR,W58F,4.8822784
mDHFR,W58G,10.279205
mDHFR,W58H,7.961899
mDHFR,W58I,8.95343
mDHFR,W58K,10.707977
mDHFR,W58L,7.0107727
mDHFR,W58M,9.017334
mDHFR,W58N,10.972885
mDHFR,W58P,11.063171
mDHFR,W58Q,9.584579
mDHFR,W58R,9.506775
mDHFR,W58S,10.176575
mDHFR,W58T,9.906235
mDHFR,W58V,9.089996
mDHFR,W58Y,3.9585266
mDHFR,F59A,7.1537323
mDHFR,F59C,9.398697
mDHFR,F59D,5.5703278
mDHFR,F59E,4.248825
mDHFR,F59G,8.674072
mDHFR,F59H,7.718857
mDHFR,F59I,7.3689575
mDHFR,F59K,7.011383
mDHFR,F59L,4.5119324
mDHFR,F59M,6.265671
mDHFR,F59N,5.9930725
mDHFR,F59P,9.655121
mDHFR,F59Q,6.2669525
mDHFR,F59R,6.6778717
mDHFR,F59S,8.236679
mDHFR,F59T,7.3749847
mDHFR,F59V,7.535431
mDHFR,F59W,9.642502
mDHFR,F59Y,6.529831
mDHFR,S60A,5.9123077
mDHFR,S60C,6.114273
mDHFR,S60D,6.9973297
mDHFR,S60E,6.952072
mDHFR,S60F,8.074554
mDHFR,S60G,5.505478
mDHFR,S60H,8.447006
mDHFR,S60I,8.202255
mDHFR,S60K,7.475479
mDHFR,S60L,7.480652
mDHFR,S60M,9.421707
mDHFR,S60N,7.531296
mDHFR,S60P,7.23085
mDHFR,S60Q,7.77771
mDHFR,S60R,9.388077
mDHFR,S60T,4.811798
mDHFR,S60V,7.571396
mDHFR,S60W,8.863876
mDHFR,S60Y,8.653351
mDHFR,I61A,8.011734
mDHFR,I61C,7.9277344
mDHFR,I61D,7.6466827
mDHFR,I61E,8.538376
mDHFR,I61F,5.4487457
mDHFR,I61G,8.039429
mDHFR,I61H,8.087006
mDHFR,I61K,8.361298
mDHFR,I61L,3.6581726
mDHFR,I61M,5.9297485
mDHFR,I61N,8.281784
mDHFR,I61P,8.956406
mDHFR,I61Q,8.407074
mDHFR,I61R,8.745071
mDHFR,I61S,8.013672
mDHFR,I61T,6.2417755
mDHFR,I61V,4.78656
mDHFR,I61W,8.050232
mDHFR,I61Y,8.32608
mDHFR,N65A,5.5834045
mDHFR,N65C,5.7434235
mDHFR,N65D,6.0307465
mDHFR,N65E,4.658325
mDHFR,N65F,2.3630219
mDHFR,N65G,4.9414215
mDHFR,N65H,2.7886963
mDHFR,N65I,6.28096
mDHFR,N65K,3.0601807
mDHFR,N65L,4.4746094
mDHFR,N65M,5.257126
mDHFR,N65P,6.49823
mDHFR,N65Q,5.901932
mDHFR,N65R,4.4192963
mDHFR,N65S,3.123352
mDHFR,N65T,5.4558105
mDHFR,N65V,4.527725
mDHFR,N65W,6.1086273
mDHFR,N65Y,3.8867493
mDHFR,R66A,8.149475
mDHFR,R66C,8.251007
mDHFR,R66D,9.084824
mDHFR,R66E,7.650131
mDHFR,R66F,6.2872467
mDHFR,R66G,5.533676
mDHFR,R66H,6.98938
mDHFR,R66I,8.000336
mDHFR,R66K,3.9312592
mDHFR,R66L,6.346527
mDHFR,R66M,8.265427
mDHFR,R66N,7.467224
mDHFR,R66P,8.669479
mDHFR,R66Q,6.014084
mDHFR,R66S,7.1958466
mDHFR,R66T,8.084534
mDHFR,R66V,8.422028
mDHFR,R66W,7.4954834
mDHFR,R66Y,7.69635
mDHFR,P67A,5.562454
mDHFR,P67C,9.159271
mDHFR,P67D,9.189178
mDHFR,P67E,8.714905
mDHFR,P67F,8.732147
mDHFR,P67G,8.169174
mDHFR,P67H,8.19458
mDHFR,P67I,7.793701
mDHFR,P67K,7.9558563
mDHFR,P67L,7.238922
mDHFR,P67M,8.855347
mDHFR,P67N,8.6067505
mDHFR,P67Q,8.690872
mDHFR,P67R,7.1493225
mDHFR,P67S,6.235031
mDHFR,P67T,8.375671
mDHFR,P67V,6.9453278
mDHFR,P67W,8.50705
mDHFR,P67Y,8.911896
mDHFR,L68A,9.274124
mDHFR,L68C,12.159302
mDHFR,L68D,9.282181
mDHFR,L68E,10.13913
mDHFR,L68F,6.8801727
mDHFR,L68G,9.044525
mDHFR,L68H,9.09993
mDHFR,L68I,8.48288
mDHFR,L68K,9.577072
mDHFR,L68M,7.0917053
mDHFR,L68N,8.898834
mDHFR,L68P,9.521027
mDHFR,L68Q,9.083878
mDHFR,L68R,8.956879
mDHFR,L68S,9.4292755
mDHFR,L68T,9.73645
mDHFR,L68V,9.534103
mDHFR,L68W,8.289429
mDHFR,L68Y,7.9378815
mDHFR,K69A,2.7802277
mDHFR,K69C,8.117752
mDHFR,K69D,4.9701843
mDHFR,K69E,5.377472
mDHFR,K69F,6.441574
mDHFR,K69G,5.5218506
mDHFR,K69H,5.730606
mDHFR,K69I,6.722748
mDHFR,K69L,6.238922
mDHFR,K69M,7.9519043
mDHFR,K69N,3.419281
mDHFR,K69P,2.1268768
mDHFR,K69Q,4.320175
mDHFR,K69R,3.4112854
mDHFR,K69S,3.6065826
mDHFR,K69T,6.0015106
mDHFR,K69V,5.4467773
mDHFR,K69W,8.602798
mDHFR,K69Y,7.0378265
mDHFR,D70A,5.5435333
mDHFR,D70C,7.375183
mDHFR,D70E,1.9849243
mDHFR,D70F,6.6837006
mDHFR,D70G,0.4274292
mDHFR,D70H,3.9481049
mDHFR,D70I,7.7612305
mDHFR,D70K,2.8740845
mDHFR,D70L,6.402176
mDHFR,D70M,6.1906586
mDHFR,D70N,-0.951416
mDHFR,D70P,5.695999
mDHFR,D70Q,4.4217224
mDHFR,D70R,3.440796
mDHFR,D70S,3.7338715
mDHFR,D70T,6.0891266
mDHFR,D70V,7.2455597
mDHFR,D70W,6.8733826
mDHFR,D70Y,5.542572
mDHFR,R71A,8.273407
mDHFR,R71C,7.9217834
mDHFR,R71D,11.083923
mDHFR,R71E,10.525452
mDHFR,R71F,10.47998
mDHFR,R71G,9.541031
mDHFR,R71H,9.611435
mDHFR,R71I,8.772476
mDHFR,R71K,7.930649
mDHFR,R71L,7.8224335
mDHFR,R71M,8.165726
mDHFR,R71N,11.143234
mDHFR,R71P,9.372284
mDHFR,R71Q,9.382996
mDHFR,R71S,8.628586
mDHFR,R71T,8.297333
mDHFR,R71V,8.457947
mDHFR,R71W,11.650375
mDHFR,R71Y,10.68956
mDHFR,I72A,7.3598785
mDHFR,I72C,9.147385
mDHFR,I72D,8.281479
mDHFR,I72E,6.5477753
mDHFR,I72F,5.7807465
mDHFR,I72G,10.079971
mDHFR,I72H,7.526825
mDHFR,I72K,5.960022
mDHFR,I72L,3.3592072
mDHFR,I72M,7.790985
mDHFR,I72N,8.145721
mDHFR,I72P,8.514282
mDHFR,I72Q,6.661728
mDHFR,I72R,6.543701
mDHFR,I72S,8.464783
mDHFR,I72T,6.3224792
mDHFR,I72V,3.8517761
mDHFR,I72W,9.107651
mDHFR,I72Y,6.7056274
mDHFR,N73A,8.8576355
mDHFR,N73C,7.1621094
mDHFR,N73D,10.980148
mDHFR,N73E,9.904175
mDHFR,N73F,9.171005
mDHFR,N73G,9.193649
mDHFR,N73H,6.6098785
mDHFR,N73I,8.025284
mDHFR,N73K,8.055328
mDHFR,N73L,8.960373
mDHFR,N73M,8.632782
mDHFR,N73P,9.060532
mDHFR,N73Q,9.486801
mDHFR,N73R,9.935181
mDHFR,N73S,5.9000854
mDHFR,N73T,6.1466827
mDHFR,N73V,8.20903
mDHFR,N73W,11.171448
mDHFR,N73Y,9.144775
mDHFR,I74A,5.0006256
mDHFR,I74C,6.177902
mDHFR,I74D,9.118698
mDHFR,I74E,8.837006
mDHFR,I74F,5.5301514
mDHFR,I74G,7.9972534
mDHFR,I74H,6.8219757
mDHFR,I74K,8.788574
mDHFR,I74L,3.7768555
mDHFR,I74M,5.010254
mDHFR,I74N,9.195206
mDHFR,I74P,9.451996
mDHFR,I74Q,8.671753
mDHFR,I74R,7.5600586
mDHFR,I74S,8.777252
mDHFR,I74T,7.2677
mDHFR,I74V,1.3152771
mDHFR,I74W,6.715149
mDHFR,I74Y,5.4693756
mDHFR,V75A,8.117981
mDHFR,V75C,10.183426
mDHFR,V75D,10.319946
mDHFR,V75E,10.047806
mDHFR,V75F,10.217758
mDHFR,V75G,10.685959
mDHFR,V75H,10.014847
mDHFR,V75I,3.0681305
mDHFR,V75K,10.476334
mDHFR,V75L,7.021652
mDHFR,V75M,8.494171
mDHFR,V75N,10.070374
mDHFR,V75P,10.534729
mDHFR,V75Q,10.497482
mDHFR,V75R,9.687332
mDHFR,V75S,10.294525
mDHFR,V75T,9.222382
mDHFR,V75W,10.236923
mDHFR,V75Y,10.579147
mDHFR,L76A,7.6720734
mDHFR,L76C,9.735474
mDHFR,L76D,11.162781
mDHFR,L76E,10.944107
mDHFR,L76F,8.133072
mDHFR,L76G,10.677124
mDHFR,L76H,10.927658
mDHFR,L76I,4.4105225
mDHFR,L76K,11.224625
mDHFR,L76M,7.337372
mDHFR,L76N,10.898285
mDHFR,L76P,10.004532
mDHFR,L76Q,10.815857
mDHFR,L76R,10.813583
mDHFR,L76S,10.962372
mDHFR,L76T,9.328674
mDHFR,L76V,4.9667816
mDHFR,L76W,10.34848
mDHFR,L76Y,9.201874
mDHFR,S77A,7.3460083
mDHFR,S77C,8.650635
mDHFR,S77D,8.360153
mDHFR,S77E,11.061584
mDHFR,S77F,9.956253
mDHFR,S77G,8.330811
mDHFR,S77H,10.206879
mDHFR,S77I,11.803329
mDHFR,S77K,10.327072
mDHFR,S77L,9.082672
mDHFR,S77M,9.5191345
mDHFR,S77N,7.339508
mDHFR,S77P,9.713608
mDHFR,S77Q,9.103546
mDHFR,S77R,9.024857
mDHFR,S77T,4.1116333
mDHFR,S77V,9.39621
mDHFR,S77W,9.438446
mDHFR,S77Y,9.329834
mDHFR,R78A,6.168808
mDHFR,R78C,8.410446
mDHFR,R78D,6.505249
mDHFR,R78E,6.3953857
mDHFR,R78F,6.658798
mDHFR,R78G,5.6586304
mDHFR,R78H,5.386673
mDHFR,R78I,7.6943817
mDHFR,R78K,2.1534576
mDHFR,R78L,6.0734253
mDHFR,R78M,7.9312286
mDHFR,R78N,3.886734
mDHFR,R78P,7.4309845
mDHFR,R78Q,5.6545563
mDHFR,R78S,2.8336334
mDHFR,R78T,2.724823
mDHFR,R78V,9.338959
mDHFR,R78W,8.496048
mDHFR,R78Y,8.297974
mDHFR,E79A,4.961426
mDHFR,E79C,7.380829
mDHFR,E79D,4.1094055
mDHFR,E79F,7.3427277
mDHFR,E79G,5.2170105
mDHFR,E79H,5.098831
mDHFR,E79I,6.6889496
mDHFR,E79K,3.9497528
mDHFR,E79L,6.7731323
mDHFR,E79M,7.5144806
mDHFR,E79N,3.7385101
mDHFR,E79P,8.338135
mDHFR,E79Q,2.3527527
mDHFR,E79R,3.9058533
mDHFR,E79S,2.6690216
mDHFR,E79T,2.262207
mDHFR,E79V,6.542801
mDHFR,E79W,9.109924
mDHFR,E79Y,7.350281
mDHFR,L80A,5.6801605
mDHFR,L80C,6.622177
mDHFR,L80D,5.6470795
mDHFR,L80E,6.029785
mDHFR,L80F,6.417404
mDHFR,L80G,6.138153
mDHFR,L80H,6.255554
mDHFR,L80I,5.6450043
mDHFR,L80K,5.169571
mDHFR,L80M,3.9025574
mDHFR,L80N,5.710434
mDHFR,L80P,5.4888
mDHFR,L80Q,5.8328094
mDHFR,L80R,6.5354004
mDHFR,L80S,5.154785
mDHFR,L80T,6.2373505
mDHFR,L80V,6.0211334
mDHFR,L80W,8.40593
mDHFR,L80Y,5.503128
mDHFR,K81A,3.8541718
mDHFR,K81C,6.932785
mDHFR,K81D,4.2083282
mDHFR,K81E,3.553009
mDHFR,K81F,5.800476
mDHFR,K81G,5.2303467
mDHFR,K81H,5.841873
mDHFR,K81I,4.7496796
mDHFR,K81L,3.4451752
mDHFR,K81M,6.3241577
mDHFR,K81N,4.789856
mDHFR,K81P,4.846298
mDHFR,K81Q,3.0987854
mDHFR,K81R,3.5626984
mDHFR,K81S,2.861206
mDHFR,K81T,2.3761597
mDHFR,K81V,4.7888794
mDHFR,K81W,7.977249
mDHFR,K81Y,6.342926
mDHFR,E82A,2.232956
mDHFR,E82C,6.5807495
mDHFR,E82D,2.5414581
mDHFR,E82F,4.826828
mDHFR,E82G,5.3862457
mDHFR,E82H,5.1912994
mDHFR,E82I,5.2559814
mDHFR,E82K,3.746231
mDHFR,E82L,4.5940857
mDHFR,E82M,6.655777
mDHFR,E82N,4.467102
mDHFR,E82P,3.9387817
mDHFR,E82Q,4.3891754
mDHFR,E82R,5.728775
mDHFR,E82S,3.3934479
mDHFR,E82T,3.1925354
mDHFR,E82V,3.879959
mDHFR,E82W,6.1280823
mDHFR,E82Y,4.9805756
mDHFR,P83A,1.4533539
mDHFR,P83C,5.280731
mDHFR,P83D,3.673233
mDHFR,P83E,3.4708252
mDHFR,P83F,3.976532
mDHFR,P83G,4.4348755
mDHFR,P83H,4.4653473
mDHFR,P83I,3.787201
mDHFR,P83K,3.6336212
mDHFR,P83L,2.8561554
mDHFR,P83M,5.349106
mDHFR,P83N,3.960556
mDHFR,P83Q,4.2194824
mDHFR,P83R,4.1821594
mDHFR,P83S,3.2259216
mDHFR,P83T,2.6399994
mDHFR,P83V,2.2037354
mDHFR,P83W,7.724655
mDHFR,P83Y,4.8411713
mDHFR,P84A,6.0289307
mDHFR,P84C,8.220657
mDHFR,P84D,5.708725
mDHFR,P84E,5.7490234
mDHFR,P84F,5.418701
mDHFR,P84G,6.6507263
mDHFR,P84H,7.400009
mDHFR,P84I,6.0703583
mDHFR,P84K,6.4240265
mDHFR,P84L,4.5325775
mDHFR,P84M,8.227722
mDHFR,P84N,5.840576
mDHFR,P84Q,6.5939026
mDHFR,P84R,6.4822845
mDHFR,P84S,5.317734
mDHFR,P84T,6.8830566
mDHFR,P84V,4.990082
mDHFR,P84W,8.534058
mDHFR,P84Y,5.977936
mDHFR,R85A,-2.051117
mDHFR,R85C,2.3624268
mDHFR,R85D,-1.7867737
mDHFR,R85E,-2.7294922
mDHFR,R85F,2.2783813
mDHFR,R85G,-0.22827148
mDHFR,R85H,0.18515015
mDHFR,R85I,1.3859558
mDHFR,R85K,-2.0456238
mDHFR,R85L,0.49900818
mDHFR,R85M,2.6532745
mDHFR,R85N,-0.49214172
mDHFR,R85P,-2.0681152
mDHFR,R85Q,-2.5834198
mDHFR,R85S,-1.6270142
mDHFR,R85T,-1.1030273
mDHFR,R85V,0.76397705
mDHFR,R85W,2.513321
mDHFR,R85Y,1.0190582
mDHFR,G86A,5.9727325
mDHFR,G86C,7.8756256
mDHFR,G86D,3.940857
mDHFR,G86E,4.5951996
mDHFR,G86F,8.096008
mDHFR,G86H,5.779175
mDHFR,G86I,8.130432
mDHFR,G86K,4.7503357
mDHFR,G86L,7.194977
mDHFR,G86M,9.344849
mDHFR,G86N,4.8821716
mDHFR,G86P,6.0087585
mDHFR,G86Q,6.24115
mDHFR,G86R,6.1529083
mDHFR,G86S,5.300583
mDHFR,G86T,5.9953003
mDHFR,G86V,7.783325
mDHFR,G86W,10.4142
mDHFR,G86Y,7.682373
mDHFR,A87C,5.8618317
mDHFR,A87D,4.9866333
mDHFR,A87E,6.118332
mDHFR,A87F,7.924576
mDHFR,A87G,5.6432495
mDHFR,A87H,6.7317047
mDHFR,A87I,6.3227997
mDHFR,A87K,6.513809
mDHFR,A87L,7.4033356
mDHFR,A87M,8.308731
mDHFR,A87N,5.3468323
mDHFR,A87P,6.376526
mDHFR,A87Q,6.701126
mDHFR,A87R,7.563904
mDHFR,A87S,5.074478
mDHFR,A87T,5.829178
mDHFR,A87V,4.0507812
mDHFR,A87W,9.933228
mDHFR,A87Y,7.7823334
mDHFR,H88A,5.775223
mDHFR,H88C,5.9542084
mDHFR,H88D,4.3090515
mDHFR,H88E,5.415024
mDHFR,H88F,8.2230835
mDHFR,H88G,8.350723
mDHFR,H88I,6.230072
mDHFR,H88K,6.4201965
mDHFR,H88L,6.335373
mDHFR,H88M,8.91835
mDHFR,H88N,5.8097534
mDHFR,H88P,6.6733856
mDHFR,H88Q,5.7675323
mDHFR,H88R,6.7618713
mDHFR,H88S,6.059784
mDHFR,H88T,5.5273285
mDHFR,H88V,4.562607
mDHFR,H88W,10.028107
mDHFR,H88Y,7.043228
mDHFR,L90A,5.165451
mDHFR,L90C,5.926056
mDHFR,L90D,9.029373
mDHFR,L90E,7.0364075
mDHFR,L90F,6.273178
mDHFR,L90G,6.857254
mDHFR,L90H,6.3146515
mDHFR,L90I,4.569046
mDHFR,L90K,6.976776
mDHFR,L90M,6.0612793
mDHFR,L90N,7.7701263
mDHFR,L90P,7.602234
mDHFR,L90Q,7.2045593
mDHFR,L90R,6.110077
mDHFR,L90S,5.852249
mDHFR,L90T,4.7781982
mDHFR,L90V,2.988678
mDHFR,L90W,6.9721985
mDHFR,L90Y,7.036148
mDHFR,A91C,3.4134521
mDHFR,A91D,7.52565
mDHFR,A91E,6.1730804
mDHFR,A91F,3.3917236
mDHFR,A91G,7.251831
mDHFR,A91H,6.2712555
mDHFR,A91I,5.6313324
mDHFR,A91K,6.590225
mDHFR,A91L,5.394928
mDHFR,A91M,7.0792236
mDHFR,A91N,6.998474
mDHFR,A91P,8.526627
mDHFR,A91Q,6.1381226
mDHFR,A91R,6.639435
mDHFR,A91S,4.092102
mDHFR,A91T,6.050003
mDHFR,A91V,3.6743317
mDHFR,A91W,8.12796
mDHFR,A91Y,4.3016815
mDHFR,K92A,1.2627258
mDHFR,K92C,4.354553
mDHFR,K92D,1.8772278
mDHFR,K92E,2.867981
mDHFR,K92F,4.6710815
mDHFR,K92G,2.3701782
mDHFR,K92H,1.3796234
mDHFR,K92I,5.6089325
mDHFR,K92L,4.215973
mDHFR,K92M,5.8269806
mDHFR,K92N,2.3119507
mDHFR,K92P,1.640625
mDHFR,K92Q,3.345047
mDHFR,K92R,-0.17332458
mDHFR,K92S,0.21720886
mDHFR,K92T,2.177948
mDHFR,K92V,5.33136
mDHFR,K92W,6.111801
mDHFR,K92Y,4.5841217
mDHFR,S93A,5.6893463
mDHFR,S93C,6.1188965
mDHFR,S93D,0.2288208
mDHFR,S93E,5.2598267
mDHFR,S93F,7.6253967
mDHFR,S93G,3.837204
mDHFR,S93H,6.4654083
mDHFR,S93I,7.6440735
mDHFR,S93K,6.0126495
mDHFR,S93L,7.7063293
mDHFR,S93M,7.5543823
mDHFR,S93N,2.5832977
mDHFR,S93P,5.5865784
mDHFR,S93Q,6.5608063
mDHFR,S93R,5.9775543
mDHFR,S93T,1.990799
mDHFR,S93V,7.325699
mDHFR,S93W,8.601547
mDHFR,S93Y,7.2032776
mDHFR,L94A,7.069748
mDHFR,L94C,8.7379
mDHFR,L94D,8.350281
mDHFR,L94E,6.972748
mDHFR,L94F,0.8279724
mDHFR,L94G,8.301804
mDHFR,L94H,8.605179
mDHFR,L94I,3.2121582
mDHFR,L94K,6.5380096
mDHFR,L94M,4.5993805
mDHFR,L94N,8.573578
mDHFR,L94P,5.3133545
mDHFR,L94Q,8.227875
mDHFR,L94R,6.8165283
mDHFR,L94S,7.7435303
mDHFR,L94T,6.8137817
mDHFR,L94V,4.185959
mDHFR,L94W,5.911133
mDHFR,L94Y,6.0488586
mDHFR,D95A,2.6046295
mDHFR,D95C,6.311905
mDHFR,D95E,1.3074341
mDHFR,D95F,6.211731
mDHFR,D95G,4.3154755
mDHFR,D95H,4.926956
mDHFR,D95I,5.5188293
mDHFR,D95K,3.3520966
mDHFR,D95L,4.114746
mDHFR,D95M,6.067047
mDHFR,D95N,3.1969757
mDHFR,D95P,2.547348
mDHFR,D95Q,2.734146
mDHFR,D95R,4.149399
mDHFR,D95S,0.9998779
mDHFR,D95T,2.1376343
mDHFR,D95V,4.0998993
mDHFR,D95W,7.245331
mDHFR,D95Y,6.7312317
mDHFR,D96A,2.6798706
mDHFR,D96C,7.1081543
mDHFR,D96E,0.48220825
mDHFR,D96F,6.7262573
mDHFR,D96G,4.4342804
mDHFR,D96H,3.2335358
mDHFR,D96I,5.779358
mDHFR,D96K,3.201828
mDHFR,D96L,4.2767334
mDHFR,D96M,5.242508
mDHFR,D96N,3.5563354
mDHFR,D96P,5.697006
mDHFR,D96Q,3.16156
mDHFR,D96R,5.212326
mDHFR,D96S,-0.5686188
mDHFR,D96T,3.8795013
mDHFR,D96V,5.1780853
mDHFR,D96W,7.384186
mDHFR,D96Y,6.7226715
mDHFR,A97C,5.2044067
mDHFR,A97D,8.455475
mDHFR,A97E,7.8152466
mDHFR,A97F,6.8848724
mDHFR,A97G,5.698303
mDHFR,A97H,8.515503
mDHFR,A97I,5.249527
mDHFR,A97K,9.011124
mDHFR,A97L,4.915024
mDHFR,A97M,6.7683563
mDHFR,A97N,9.221573
mDHFR,A97P,9.853683
mDHFR,A97Q,9.022751
mDHFR,A97R,8.738922
mDHFR,A97S,5.366272
mDHFR,A97T,6.764908
mDHFR,A97V,4.9549103
mDHFR,A97W,9.153976
mDHFR,A97Y,8.726273
mDHFR,L98A,5.802231
mDHFR,L98C,6.033371
mDHFR,L98D,7.390381
mDHFR,L98E,7.445984
mDHFR,L98F,3.9578552
mDHFR,L98G,8.11676
mDHFR,L98H,6.371582
mDHFR,L98I,1.9659576
mDHFR,L98K,6.6569977
mDHFR,L98M,3.8443756
mDHFR,L98N,7.591034
mDHFR,L98P,7.816696
mDHFR,L98Q,6.42395
mDHFR,L98R,5.9978027
mDHFR,L98S,6.098999
mDHFR,L98T,6.356247
mDHFR,L98V,3.0383759
mDHFR,L98W,6.6702576
mDHFR,L98Y,6.088928
mDHFR,R99A,0.40753174
mDHFR,R99C,4.0548553
mDHFR,R99D,-0.40100098
mDHFR,R99E,-0.3770752
mDHFR,R99F,3.8536987
mDHFR,R99G,2.4958496
mDHFR,R99H,1.8802032
mDHFR,R99I,3.1373596
mDHFR,R99K,-0.47521973
mDHFR,R99L,2.361084
mDHFR,R99M,4.189377
mDHFR,R99N,0.56622314
mDHFR,R99P,3.1278992
mDHFR,R99Q,-0.46287537
mDHFR,R99S,0.15315247
mDHFR,R99T,0.795105
mDHFR,R99V,2.7474518
mDHFR,R99W,5.6533356
mDHFR,R99Y,3.6180267
mDHFR,L100A,4.6777344
mDHFR,L100C,6.7713776
mDHFR,L100D,5.2345276
mDHFR,L100E,4.717804
mDHFR,L100F,3.1803741
mDHFR,L100G,6.5247803
mDHFR,L100H,3.026474
mDHFR,L100I,3.3881073
mDHFR,L100K,3.579483
mDHFR,L100M,3.9417267
mDHFR,L100N,4.306427
mDHFR,L100P,8.254578
mDHFR,L100Q,4.885681
mDHFR,L100R,4.78508
mDHFR,L100S,4.0904083
mDHFR,L100T,3.65036
mDHFR,L100V,3.6070251
mDHFR,L100W,4.8780518
mDHFR,L100Y,4.0608215
mDHFR,I101A,1.2105255
mDHFR,I101C,2.1101227
mDHFR,I101D,5.5425262
mDHFR,I101E,4.4591064
mDHFR,I101F,2.426529
mDHFR,I101G,3.932724
mDHFR,I101H,4.328232
mDHFR,I101K,5.4801483
mDHFR,I101L,-2.485794
mDHFR,I101M,2.4461517
mDHFR,I101N,4.723648
mDHFR,I101P,5.1542816
mDHFR,I101Q,5.2256775
mDHFR,I101R,5.172806
mDHFR,I101S,2.8193054
mDHFR,I101T,1.7772217
mDHFR,I101V,-0.19264221
mDHFR,I101W,5.210434
mDHFR,I101Y,3.0028076
mDHFR,E102A,3.3074799
mDHFR,E102C,5.4625854
mDHFR,E102D,1.307373
mDHFR,E102F,5.9888763
mDHFR,E102G,3.9257355
mDHFR,E102H,4.428009
mDHFR,E102I,4.073181
mDHFR,E102K,3.031021
mDHFR,E102L,4.9911346
mDHFR,E102M,4.705948
mDHFR,E102N,2.6197815
mDHFR,E102P,4.527176
mDHFR,E102Q,3.0889282
mDHFR,E102R,3.0226593
mDHFR,E102S,1.8113708
mDHFR,E102T,2.9428253
mDHFR,E102V,4.4761353
mDHFR,E102W,6.707657
mDHFR,E102Y,4.8921967
mDHFR,Q103A,1.1170349
mDHFR,Q103C,4.497528
mDHFR,Q103D,1.4282227
mDHFR,Q103E,0.5632782
mDHFR,Q103F,4.625473
mDHFR,Q103G,1.1496735
mDHFR,Q103H,2.99263
mDHFR,Q103I,3.848175
mDHFR,Q103K,1.1860809
mDHFR,Q103L,2.0642853
mDHFR,Q103M,3.269699
mDHFR,Q103N,1.5022736
mDHFR,Q103P,2.5052795
mDHFR,Q103R,2.3579254
mDHFR,Q103S,-1.480545
mDHFR,Q103T,-0.77937317
mDHFR,Q103V,4.1092834
mDHFR,Q103W,5.8449707
mDHFR,Q103Y,4.339279
mDHFR,K109A,2.8802795
mDHFR,K109C,5.1702576
mDHFR,K109D,2.4657593
mDHFR,K109E,1.6340485
mDHFR,K109F,4.8168793
mDHFR,K109G,4.1246033
mDHFR,K109H,4.177353
mDHFR,K109I,4.15683
mDHFR,K109L,2.1076965
mDHFR,K109M,5.657425
mDHFR,K109N,2.8641357
mDHFR,K109P,3.4387512
mDHFR,K109Q,0.65682983
mDHFR,K109R,2.0346985
mDHFR,K109S,2.7863312
mDHFR,K109T,2.690857
mDHFR,K109V,2.8615723
mDHFR,K109W,6.4618835
mDHFR,K109Y,4.9188232
mDHFR,V110A,2.1487274
mDHFR,V110C,5.996475
mDHFR,V110D,5.438034
mDHFR,V110E,5.077179
mDHFR,V110F,5.2282715
mDHFR,V110G,5.730377
mDHFR,V110H,5.2950745
mDHFR,V110I,1.4742584
mDHFR,V110K,5.736679
mDHFR,V110L,2.4176788
mDHFR,V110M,6.8000336
mDHFR,V110N,5.5527496
mDHFR,V110P,5.4020844
mDHFR,V110Q,5.1082
mDHFR,V110R,6.307785
mDHFR,V110S,4.9454956
mDHFR,V110T,4.9397736
mDHFR,V110W,7.6080017
mDHFR,V110Y,4.919235
mDHFR,D111A,5.84671
mDHFR,D111C,7.782959
mDHFR,D111E,1.7726746
mDHFR,D111F,7.198105
mDHFR,D111G,4.5602264
mDHFR,D111H,5.347107
mDHFR,D111I,7.6551056
mDHFR,D111K,5.784134
mDHFR,D111L,7.610031
mDHFR,D111M,7.9562073
mDHFR,D111N,4.7128296
mDHFR,D111P,6.889374
mDHFR,D111Q,4.769104
mDHFR,D111R,6.3337555
mDHFR,D111S,4.809204
mDHFR,D111T,6.2783356
mDHFR,D111V,7.456253
mDHFR,D111W,9.570282
mDHFR,D111Y,6.6539307
mDHFR,M112A,2.5448608
mDHFR,M112C,4.0867004
mDHFR,M112D,1.4699707
mDHFR,M112E,0.32910156
mDHFR,M112F,4.7521973
mDHFR,M112G,2.3972778
mDHFR,M112H,1.8696594
mDHFR,M112I,2.1288757
mDHFR,M112K,-1.0581207
mDHFR,M112L,-0.6415405
mDHFR,M112N,0.040100098
mDHFR,M112P,3.0322723
mDHFR,M112Q,-1.1391907
mDHFR,M112R,0.87620544
mDHFR,M112S,0.5870209
mDHFR,M112T,0.08770752
mDHFR,M112V,2.2757263
mDHFR,M112W,4.4177246
mDHFR,M112Y,3.8731232
mDHFR,V113A,4.5484314
mDHFR,V113C,5.1377716
mDHFR,V113D,7.8414307
mDHFR,V113E,8.43663
mDHFR,V113F,5.676178
mDHFR,V113G,6.8277283
mDHFR,V113H,7.5500793
mDHFR,V113I,0.58410645
mDHFR,V113K,7.51268
mDHFR,V113L,4.597229
mDHFR,V113M,6.453781
mDHFR,V113N,6.452881
mDHFR,V113P,7.035904
mDHFR,V113Q,7.687332
mDHFR,V113R,6.7717285
mDHFR,V113S,6.2155
mDHFR,V113T,4.5572968
mDHFR,V113W,7.0299835
mDHFR,V113Y,5.6586456
mDHFR,W114A,9.703201
mDHFR,W114C,8.545181
mDHFR,W114D,10.0868225
mDHFR,W114E,10.943298
mDHFR,W114F,3.9011078
mDHFR,W114G,10.646027
mDHFR,W114H,8.243835
mDHFR,W114I,7.233429
mDHFR,W114K,11.287872
mDHFR,W114L,8.736984
mDHFR,W114M,7.2230835
mDHFR,W114N,11.21785
mDHFR,W114P,11.414703
mDHFR,W114Q,11.277206
mDHFR,W114R,10.714554
mDHFR,W114S,9.509903
mDHFR,W114T,9.966507
mDHFR,W114V,8.127029
mDHFR,W114Y,5.476883
mDHFR,I115A,4.757599
mDHFR,I115C,5.584976
mDHFR,I115D,7.726074
mDHFR,I115E,8.736725
mDHFR,I115F,5.2688293
mDHFR,I115G,7.029785
mDHFR,I115H,8.399277
mDHFR,I115K,8.767273
mDHFR,I115L,3.8736572
mDHFR,I115M,5.71463
mDHFR,I115N,4.807251
mDHFR,I115P,10.573456
mDHFR,I115Q,8.850174
mDHFR,I115R,9.036682
mDHFR,I115S,6.476898
mDHFR,I115T,8.001633
mDHFR,I115V,-0.16329956
mDHFR,I115W,8.773453
mDHFR,I115Y,8.382034
mDHFR,V116A,3.2943268
mDHFR,V116C,1.9297485
mDHFR,V116D,5.359955
mDHFR,V116E,5.279434
mDHFR,V116F,3.5889587
mDHFR,V116G,5.115326
mDHFR,V116H,5.976059
mDHFR,V116I,-2.6229706
mDHFR,V116K,7.5258026
mDHFR,V116L,2.6829224
mDHFR,V116M,2.7694855
mDHFR,V116N,5.862854
mDHFR,V116P,8.891785
mDHFR,V116Q,6.6706543
mDHFR,V116R,7.572281
mDHFR,V116S,5.178604
mDHFR,V116T,2.4770508
mDHFR,V116W,6.5054016
mDHFR,V116Y,6.0392456
mDHFR,G117A,8.781799
mDHFR,G117C,10.253677
mDHFR,G117D,11.228378
mDHFR,G117E,10.522736
mDHFR,G117F,9.869827
mDHFR,G117H,9.614273
mDHFR,G117I,11.293961
mDHFR,G117K,11.744354
mDHFR,G117L,10.238205
mDHFR,G117M,10.994308
mDHFR,G117N,10.457596
mDHFR,G117P,11.586746
mDHFR,G117Q,11.980209
mDHFR,G117R,11.227585
mDHFR,G117S,8.656006
mDHFR,G117T,11.3181305
mDHFR,G117V,11.065979
mDHFR,G117W,11.447784
mDHFR,G117Y,11.337875
mDHFR,G118A,9.476685
mDHFR,G118C,11.394928
mDHFR,G118D,9.758026
mDHFR,G118E,11.3007965
mDHFR,G118F,10.802002
mDHFR,G118H,10.184677
mDHFR,G118I,10.6732025
mDHFR,G118K,10.992477
mDHFR,G118L,11.275574
mDHFR,G118M,11.288147
mDHFR,G118N,10.697647
mDHFR,G118P,9.646103
mDHFR,G118Q,10.917999
mDHFR,G118R,10.82753
mDHFR,G118S,7.183899
mDHFR,G118T,9.407852
mDHFR,G118V,10.208527
mDHFR,G118W,10.93425
mDHFR,G118Y,10.999023
mDHFR,S119A,2.7050781
mDHFR,S119C,7.262375
mDHFR,S119D,6.91803
mDHFR,S119E,4.8483276
mDHFR,S119F,7.5805206
mDHFR,S119G,3.7265778
mDHFR,S119H,5.0998077
mDHFR,S119I,7.5464325
mDHFR,S119K,5.8996277
mDHFR,S119L,6.9003754
mDHFR,S119M,7.497055
mDHFR,S119N,4.588028
mDHFR,S119P,6.6204224
mDHFR,S119Q,4.5695496
mDHFR,S119R,3.9847717
mDHFR,S119T,4.221756
mDHFR,S119V,4.952179
mDHFR,S119W,8.732559
mDHFR,S119Y,6.021652
mDHFR,S120A,3.0821228
mDHFR,S120C,8.112656
mDHFR,S120D,5.5428467
mDHFR,S120E,5.1324463
mDHFR,S120F,6.169525
mDHFR,S120G,4.423477
mDHFR,S120H,5.326721
mDHFR,S120I,6.6835327
mDHFR,S120K,4.5888214
mDHFR,S120L,6.4185333
mDHFR,S120M,5.5023346
mDHFR,S120N,5.1566467
mDHFR,S120P,9.048996
mDHFR,S120Q,3.9396973
mDHFR,S120R,4.1172333
mDHFR,S120T,4.6815033
mDHFR,S120V,6.802475
mDHFR,S120W,10.351776
mDHFR,S120Y,6.1362305
mDHFR,V121A,5.0039825
mDHFR,V121C,7.4226837
mDHFR,V121D,8.4832
mDHFR,V121E,8.065872
mDHFR,V121F,5.983383
mDHFR,V121G,7.815735
mDHFR,V121H,8.084671
mDHFR,V121I,2.3668518
mDHFR,V121K,9.074783
mDHFR,V121L,0.33184814
mDHFR,V121M,4.5124054
mDHFR,V121N,7.2564087
mDHFR,V121P,5.775009
mDHFR,V121Q,8.057632
mDHFR,V121R,8.616882
mDHFR,V121S,7.424423
mDHFR,V121T,5.0940247
mDHFR,V121W,8.334152
mDHFR,V121Y,8.529449
mDHFR,Y122A,7.382782
mDHFR,Y122C,7.347336
mDHFR,Y122D,7.6940765
mDHFR,Y122E,9.924255
mDHFR,Y122F,4.8339233
mDHFR,Y122G,9.383682
mDHFR,Y122H,8.900024
mDHFR,Y122I,6.78508
mDHFR,Y122K,10.20665
mDHFR,Y122L,5.8418274
mDHFR,Y122M,9.362122
mDHFR,Y122N,8.661774
mDHFR,Y122P,10.009552
mDHFR,Y122Q,9.264709
mDHFR,Y122R,10.292297
mDHFR,Y122S,7.9806976
mDHFR,Y122T,8.650497
mDHFR,Y122V,7.2163086
mDHFR,Y122W,8.183228
mDHFR,Q123A,-0.08102417
mDHFR,Q123C,4.463928
mDHFR,Q123D,1.4771729
mDHFR,Q123E,-1.3339691
mDHFR,Q123F,4.611557
mDHFR,Q123G,2.0057526
mDHFR,Q123H,2.7452087
mDHFR,Q123I,4.003647
mDHFR,Q123K,-3.9156952
mDHFR,Q123L,3.3765259
mDHFR,Q123M,3.2398071
mDHFR,Q123N,0.83470154
mDHFR,Q123P,5.461334
mDHFR,Q123R,0.11102295
mDHFR,Q123S,0.41445923
mDHFR,Q123T,1.1594086
mDHFR,Q123V,4.022583
mDHFR,Q123W,4.882248
mDHFR,Q123Y,4.6301575
mDHFR,E124A,2.6490479
mDHFR,E124C,7.8612976
mDHFR,E124D,4.0098267
mDHFR,E124F,8.0776825
mDHFR,E124G,7.164276
mDHFR,E124H,5.8451843
mDHFR,E124I,6.017929
mDHFR,E124K,5.431732
mDHFR,E124L,4.9149323
mDHFR,E124M,5.611603
mDHFR,E124N,6.9160767
mDHFR,E124P,8.061005
mDHFR,E124Q,4.860031
mDHFR,E124R,6.837372
mDHFR,E124S,4.7756805
mDHFR,E124T,5.1510468
mDHFR,E124V,4.7059784
mDHFR,E124W,7.743454
mDHFR,E124Y,6.773346
mDHFR,A125C,4.9170227
mDHFR,A125D,8.662476
mDHFR,A125E,7.441147
mDHFR,A125F,4.392746
mDHFR,A125G,4.125107
mDHFR,A125H,7.7387238
mDHFR,A125I,4.8789062
mDHFR,A125K,8.46225
mDHFR,A125L,2.851822
mDHFR,A125M,3.3829498
mDHFR,A125N,8.273224
mDHFR,A125P,7.9206543
mDHFR,A125Q,8.461258
mDHFR,A125R,8.548828
mDHFR,A125S,2.9685974
mDHFR,A125T,3.3757477
mDHFR,A125V,2.0530853
mDHFR,A125W,7.0984497
mDHFR,A125Y,6.425598
mDHFR,M126A,6.085449
mDHFR,M126C,9.039703
mDHFR,M126D,8.48465
mDHFR,M126E,6.895935
mDHFR,M126F,4.926285
mDHFR,M126G,9.349335
mDHFR,M126H,7.6095276
mDHFR,M126I,3.1617737
mDHFR,M126K,7.3341217
mDHFR,M126L,2.0075836
mDHFR,M126N,8.146423
mDHFR,M126P,9.792435
mDHFR,M126Q,7.1533356
mDHFR,M126R,7.2802277
mDHFR,M126S,7.300583
mDHFR,M126T,8.279083
mDHFR,M126V,4.353531
mDHFR,M126W,7.024109
mDHFR,M126Y,5.9308777
mDHFR,P129A,4.063507
mDHFR,P129C,7.8529816
mDHFR,P129D,2.864029
mDHFR,P129E,3.5547028
mDHFR,P129F,6.494171
mDHFR,P129G,4.0901794
mDHFR,P129H,5.1017
mDHFR,P129I,7.255783
mDHFR,P129K,3.6480713
mDHFR,P129L,6.577286
mDHFR,P129M,7.113022
mDHFR,P129N,4.717453
mDHFR,P129Q,4.7137756
mDHFR,P129R,5.094406
mDHFR,P129S,2.3774567
mDHFR,P129T,4.9097595
mDHFR,P129V,6.09346
mDHFR,P129W,8.269424
mDHFR,P129Y,6.907898
mDHFR,G130A,1.5550842
mDHFR,G130C,1.4678802
mDHFR,G130D,2.6043854
mDHFR,G130E,2.5776825
mDHFR,G130F,2.4386597
mDHFR,G130H,2.5680084
mDHFR,G130I,1.1109314
mDHFR,G130K,2.4492493
mDHFR,G130L,1.5341339
mDHFR,G130M,2.3505707
mDHFR,G130N,2.3422089
mDHFR,G130P,5.125229
mDHFR,G130Q,2.213272
mDHFR,G130R,1.7559967
mDHFR,G130S,1.2503357
mDHFR,G130T,3.6971283
mDHFR,G130V,2.3018036
mDHFR,G130W,2.659378
mDHFR,G130Y,1.1687317
mDHFR,H131A,2.324997
mDHFR,H131C,0.4143982
mDHFR,H131D,3.8983307
mDHFR,H131E,3.9831238
mDHFR,H131F,1.9325562
mDHFR,H131G,3.1708221
mDHFR,H131I,2.805008
mDHFR,H131K,3.963501
mDHFR,H131L,1.2103577
mDHFR,H131M,3.6052856
mDHFR,H131N,3.5109558
mDHFR,H131P,0.3695221
mDHFR,H131Q,3.391159
mDHFR,H131R,5.249634
mDHFR,H131S,1.750534
mDHFR,H131T,1.4216003
mDHFR,H131V,2.4575806
mDHFR,H131W,3.2458801
mDHFR,H131Y,4.5278015
mDHFR,L132A,2.0199585
mDHFR,L132C,0.48442078
mDHFR,L132D,-0.16479492
mDHFR,L132E,0.78837585
mDHFR,L132F,3.8572998
mDHFR,L132G,1.3267212
mDHFR,L132H,-2.4510498
mDHFR,L132I,2.6292267
mDHFR,L132K,-0.63427734
mDHFR,L132M,4.737747
mDHFR,L132N,0.69000244
mDHFR,L132P,3.5306854
mDHFR,L132Q,-0.49169922
mDHFR,L132R,-0.11697388
mDHFR,L132S,0.7174988
mDHFR,L132T,0.7969208
mDHFR,L132V,0.25672913
mDHFR,L132W,3.9731293
mDHFR,L132Y,0.8011017
mDHFR,R133A,5.4270477
mDHFR,R133C,6.6978607
mDHFR,R133D,5.935425
mDHFR,R133E,5.0206757
mDHFR,R133F,5.9562073
mDHFR,R133G,6.1431274
mDHFR,R133H,4.817871
mDHFR,R133I,6.3897095
mDHFR,R133K,3.089096
mDHFR,R133L,3.8816833
mDHFR,R133M,6.264099
mDHFR,R133N,5.4045258
mDHFR,R133P,9.538284
mDHFR,R133Q,4.680435
mDHFR,R133S,5.4347076
mDHFR,R133T,4.4714966
mDHFR,R133V,5.8742065
mDHFR,R133W,8.384827
mDHFR,R133Y,4.9599304
mDHFR,L134A,5.160675
mDHFR,L134C,6.4779053
mDHFR,L134D,9.37941
mDHFR,L134E,10.15181
mDHFR,L134F,5.943802
mDHFR,L134G,7.98645
mDHFR,L134H,8.660522
mDHFR,L134I,1.7495575
mDHFR,L134K,9.416626
mDHFR,L134M,4.4579315
mDHFR,L134N,9.375229
mDHFR,L134P,9.611404
mDHFR,L134Q,7.2523804
mDHFR,L134R,9.203033
mDHFR,L134S,8.775101
mDHFR,L134T,8.910782
mDHFR,L134V,3.5168762
mDHFR,L134W,6.0271606
mDHFR,L134Y,6.3865356
mDHFR,F135A,8.249985
mDHFR,F135C,7.1299286
mDHFR,F135D,7.792984
mDHFR,F135E,6.962631
mDHFR,F135G,9.841583
mDHFR,F135H,4.9660034
mDHFR,F135I,4.5847473
mDHFR,F135K,8.891296
mDHFR,F135L,4.2085724
mDHFR,F135M,7.1868744
mDHFR,F135N,8.654327
mDHFR,F135P,10.345398
mDHFR,F135Q,8.05513
mDHFR,F135R,7.236725
mDHFR,F135S,8.384933
mDHFR,F135T,8.524033
mDHFR,F135V,5.499832
mDHFR,F135W,7.4521484
mDHFR,F135Y,1.9668274
mDHFR,V136A,5.072174
mDHFR,V136C,4.6067505
mDHFR,V136D,10.225159
mDHFR,V136E,6.9134827
mDHFR,V136F,3.979721
mDHFR,V136G,8.144485
mDHFR,V136H,7.088196
mDHFR,V136I,2.1699219
mDHFR,V136K,6.468231
mDHFR,V136L,1.1832733
mDHFR,V136M,4.3770294
mDHFR,V136N,7.657257
mDHFR,V136P,7.0858
mDHFR,V136Q,5.444275
mDHFR,V136R,5.6618347
mDHFR,V136S,6.6124268
mDHFR,V136T,6.6428833
mDHFR,V136W,6.778656
mDHFR,V136Y,3.9355774
mDHFR,T137A,7.8308716
mDHFR,T137C,7.38501
mDHFR,T137D,9.101227
mDHFR,T137E,9.641006
mDHFR,T137F,7.939575
mDHFR,T137G,9.308899
mDHFR,T137H,8.708771
mDHFR,T137I,9.297256
mDHFR,T137K,7.7923584
mDHFR,T137L,9.009048
mDHFR,T137M,9.228973
mDHFR,T137N,7.850708
mDHFR,T137P,11.313522
mDHFR,T137Q,7.551773
mDHFR,T137R,9.718323
mDHFR,T137S,5.243973
mDHFR,T137V,9.271622
mDHFR,T137W,9.8159485
mDHFR,T137Y,8.934998
mDHFR,R138A,6.936203
mDHFR,R138C,6.747284
mDHFR,R138D,4.0930023
mDHFR,R138E,3.3934784
mDHFR,R138F,5.2541046
mDHFR,R138G,9.380707
mDHFR,R138H,3.525879
mDHFR,R138I,5.666733
mDHFR,R138K,3.5255585
mDHFR,R138L,6.2306976
mDHFR,R138M,6.9587708
mDHFR,R138N,5.4228516
mDHFR,R138P,10.271072
mDHFR,R138Q,4.5318604
mDHFR,R138S,5.6348267
mDHFR,R138T,6.34581
mDHFR,R138V,5.597351
mDHFR,R138W,5.2914734
mDHFR,R138Y,6.3444977
mDHFR,I139A,8.418976
mDHFR,I139C,9.650284
mDHFR,I139D,9.436783
mDHFR,I139E,9.18541
mDHFR,I139F,8.1449585
mDHFR,I139G,9.416122
mDHFR,I139H,8.442429
mDHFR,I139K,10.788147
mDHFR,I139L,5.915924
mDHFR,I139M,7.7418213
mDHFR,I139N,8.370972
mDHFR,I139P,11.414978
mDHFR,I139Q,9.337921
mDHFR,I139R,10.521652
mDHFR,I139S,9.284927
mDHFR,I139T,8.689224
mDHFR,I139V,1.8697052
mDHFR,I139W,10.586182
mDHFR,I139Y,8.650253
mDHFR,M140A,3.807022
mDHFR,M140C,6.020874
mDHFR,M140D,2.3012085
mDHFR,M140E,3.0780792
mDHFR,M140F,2.3332825
mDHFR,M140G,4.0316772
mDHFR,M140H,2.4999847
mDHFR,M140I,4.687149
mDHFR,M140K,2.3206024
mDHFR,M140L,-1.0321198
mDHFR,M140N,2.836258
mDHFR,M140P,5.4073486
mDHFR,M140Q,1.9092255
mDHFR,M140R,3.5449982
mDHFR,M140S,3.5365753
mDHFR,M140T,4.588196
mDHFR,M140V,4.784729
mDHFR,M140W,5.879822
mDHFR,M140Y,2.8281708
mDHFR,Q141A,2.671402
mDHFR,Q141C,5.283722
mDHFR,Q141D,4.0858
mDHFR,Q141E,3.0025024
mDHFR,Q141F,5.757675
mDHFR,Q141G,3.0941315
mDHFR,Q141H,1.953476
mDHFR,Q141I,5.6580505
mDHFR,Q141K,0.840683
mDHFR,Q141L,4.623932
mDHFR,Q141M,5.598709
mDHFR,Q141N,3.74411
mDHFR,Q141P,6.1022034
mDHFR,Q141R,3.5255737
mDHFR,Q141S,3.503601
mDHFR,Q141T,4.286331
mDHFR,Q141V,5.237381
mDHFR,Q141W,7.7813263
mDHFR,Q141Y,5.4300537
mDHFR,E142A,3.1900787
mDHFR,E142C,4.20343
mDHFR,E142D,-0.23880005
mDHFR,E142F,5.742279
mDHFR,E142G,4.107956
mDHFR,E142H,2.9609222
mDHFR,E142I,4.249756
mDHFR,E142K,1.6265259
mDHFR,E142L,3.8782349
mDHFR,E142M,5.6853333
mDHFR,E142N,2.692871
mDHFR,E142P,3.3330536
mDHFR,E142Q,0.44732666
mDHFR,E142R,3.8578796
mDHFR,E142S,2.1520996
mDHFR,E142T,2.0989227
mDHFR,E142V,3.2494965
mDHFR,E142W,7.003708
mDHFR,E142Y,2.9500732
mDHFR,F143A,6.9521027
mDHFR,F143C,8.259125
mDHFR,F143D,9.318329
mDHFR,F143E,8.583771
mDHFR,F143G,7.9387817
mDHFR,F143H,6.588928
mDHFR,F143I,5.715271
mDHFR,F143K,8.169525
mDHFR,F143L,6.4246826
mDHFR,F143M,8.475998
mDHFR,F143N,9.041229
mDHFR,F143P,7.156952
mDHFR,F143Q,9.213959
mDHFR,F143R,8.80368
mDHFR,F143S,7.9770966
mDHFR,F143T,6.972122
mDHFR,F143V,4.8993225
mDHFR,F143W,8.305405
mDHFR,F143Y,4.2397766
mDHFR,E144A,3.7772522
mDHFR,E144C,8.347076
mDHFR,E144D,1.0321808
mDHFR,E144F,8.002579
mDHFR,E144G,4.8751984
mDHFR,E144H,4.782898
mDHFR,E144I,7.3551025
mDHFR,E144K,3.7075806
mDHFR,E144L,6.0930023
mDHFR,E144M,7.5512238
mDHFR,E144N,4.255707
mDHFR,E144P,4.092758
mDHFR,E144Q,3.7182312
mDHFR,E144R,6.7378845
mDHFR,E144S,4.976532
mDHFR,E144T,5.6251526
mDHFR,E144V,6.0006256
mDHFR,E144W,8.743851
mDHFR,E144Y,7.6924744
mDHFR,S145A,2.6981812
mDHFR,S145C,-1.7269745
mDHFR,S145D,6.2365723
mDHFR,S145E,6.8479767
mDHFR,S145F,4.3711243
mDHFR,S145G,5.4358826
mDHFR,S145H,5.947525
mDHFR,S145I,4.9277344
mDHFR,S145K,5.6523743
mDHFR,S145L,5.788376
mDHFR,S145M,4.9374237
mDHFR,S145N,6.8138733
mDHFR,S145P,6.027481
mDHFR,S145Q,6.435028
mDHFR,S145R,6.6298065
mDHFR,S145T,4.855835
mDHFR,S145V,4.012924
mDHFR,S145W,8.118378
mDHFR,S145Y,6.4692993
mDHFR,D146A,8.595657
mDHFR,D146C,10.548996
mDHFR,D146E,7.284973
mDHFR,D146F,10.468521
mDHFR,D146G,8.567581
mDHFR,D146H,8.654282
mDHFR,D146I,7.2677307
mDHFR,D146K,9.232834
mDHFR,D146L,8.842926
mDHFR,D146M,9.196426
mDHFR,D146N,6.7447357
mDHFR,D146P,9.207504
mDHFR,D146Q,8.882523
mDHFR,D146R,8.519272
mDHFR,D146S,8.148758
mDHFR,D146T,7.179428
mDHFR,D146V,8.799774
mDHFR,D146W,12.09433
mDHFR,D146Y,10.44458
mDHFR,T147A,3.517456
mDHFR,T147C,6.140259
mDHFR,T147D,8.257874
mDHFR,T147E,7.669754
mDHFR,T147F,9.6762085
mDHFR,T147G,8.16333
mDHFR,T147H,8.825485
mDHFR,T147I,5.1224976
mDHFR,T147K,7.304001
mDHFR,T147L,7.338196
mDHFR,T147M,9.183228
mDHFR,T147N,7.6993256
mDHFR,T147P,7.2701263
mDHFR,T147Q,6.440796
mDHFR,T147R,5.693802
mDHFR,T147S,5.788101
mDHFR,T147V,2.0832825
mDHFR,T147W,9.77478
mDHFR,T147Y,9.386856
mDHFR,F148A,7.1545563
mDHFR,F148C,7.310425
mDHFR,F148D,8.653946
mDHFR,F148E,8.60228
mDHFR,F148G,8.56073
mDHFR,F148H,5.012802
mDHFR,F148I,7.4466248
mDHFR,F148K,6.1874084
mDHFR,F148L,6.701355
mDHFR,F148M,7.8907013
mDHFR,F148N,8.421585
mDHFR,F148P,7.781006
mDHFR,F148Q,6.333481
mDHFR,F148R,6.1233215
mDHFR,F148S,6.9109344
mDHFR,F148T,6.1722565
mDHFR,F148V,5.625946
mDHFR,F148W,6.646881
mDHFR,F148Y,3.1733246
mDHFR,F149A,5.76828
mDHFR,F149C,8.248184
mDHFR,F149D,9.080933
mDHFR,F149E,9.128006
mDHFR,F149G,8.130051
mDHFR,F149H,8.797424
mDHFR,F149I,3.1265717
mDHFR,F149K,8.365784
mDHFR,F149L,1.1500244
mDHFR,F149M,4.635849
mDHFR,F149N,8.724823
mDHFR,F149P,8.582947
mDHFR,F149Q,9.083023
mDHFR,F149R,8.46933
mDHFR,F149S,7.7037506
mDHFR,F149T,8.1813965
mDHFR,F149V,5.5718994
mDHFR,F149W,8.201035
mDHFR,F149Y,5.5568237
mDHFR,P150A,7.481247
mDHFR,P150C,9.335373
mDHFR,P150D,6.552429
mDHFR,P150E,7.052582
mDHFR,P150F,10.147736
mDHFR,P150G,8.011078
mDHFR,P150H,8.137634
mDHFR,P150I,7.8455353
mDHFR,P150K,7.2106476
mDHFR,P150L,7.679474
mDHFR,P150M,9.93158
mDHFR,P150N,6.782196
mDHFR,P150Q,6.6383514
mDHFR,P150R,8.481979
mDHFR,P150S,5.8366547
mDHFR,P150T,7.3962708
mDHFR,P150V,7.770355
mDHFR,P150W,11.403122
mDHFR,P150Y,10.434525
mDHFR,E151A,3.253952
mDHFR,E151C,6.970627
mDHFR,E151D,1.7877808
mDHFR,E151F,5.9132843
mDHFR,E151G,4.2882233
mDHFR,E151H,4.626358
mDHFR,E151I,4.9788513
mDHFR,E151K,3.0312805
mDHFR,E151L,4.8967285
mDHFR,E151M,5.7098083
mDHFR,E151N,3.1191711
mDHFR,E151P,3.0059357
mDHFR,E151Q,4.0941315
mDHFR,E151R,4.329132
mDHFR,E151S,2.4022217
mDHFR,E151T,4.352127
mDHFR,E151V,5.435425
mDHFR,E151W,8.059525
mDHFR,E151Y,5.97876
mDHFR,I152A,6.660431
mDHFR,I152C,8.4348755
mDHFR,I152D,6.71521
mDHFR,I152E,5.970825
mDHFR,I152F,3.3471832
mDHFR,I152G,7.2234344
mDHFR,I152H,7.963623
mDHFR,I152K,6.7534485
mDHFR,I152L,4.0596313
mDHFR,I152M,5.043228
mDHFR,I152N,6.6481476
mDHFR,I152P,6.453354
mDHFR,I152Q,7.6490784
mDHFR,I152R,6.974472
mDHFR,I152S,6.8460846
mDHFR,I152T,6.0017853
mDHFR,I152V,4.5720825
mDHFR,I152W,5.007004
mDHFR,I152Y,4.488846
mDHFR,D153A,4.536255
mDHFR,D153C,7.450897
mDHFR,D153E,2.6281586
mDHFR,D153F,6.2043304
mDHFR,D153G,3.9183807
mDHFR,D153H,5.431946
mDHFR,D153I,5.3964996
mDHFR,D153K,3.4800262
mDHFR,D153L,4.6062317
mDHFR,D153M,6.2022095
mDHFR,D153N,0.7800751
mDHFR,D153P,2.806305
mDHFR,D153Q,4.564972
mDHFR,D153R,3.7373352
mDHFR,D153S,2.109146
mDHFR,D153T,3.5285492
mDHFR,D153V,5.1324463
mDHFR,D153W,6.923004
mDHFR,D153Y,6.1988525
mDHFR,L154A,3.7489471
mDHFR,L154C,4.791809
mDHFR,L154D,2.1686554
mDHFR,L154E,1.7348328
mDHFR,L154F,1.3922577
mDHFR,L154G,3.9657745
mDHFR,L154H,3.6856995
mDHFR,L154I,5.0764465
mDHFR,L154K,2.6474457
mDHFR,L154M,2.3017578
mDHFR,L154N,3.0318298
mDHFR,L154P,1.7039032
mDHFR,L154Q,2.444809
mDHFR,L154R,2.2629242
mDHFR,L154S,2.528656
mDHFR,L154T,2.9387207
mDHFR,L154V,3.713623
mDHFR,L154W,2.8703308
mDHFR,L154Y,3.1119995
mDHFR,G155A,-0.8551178
mDHFR,G155C,2.678955
mDHFR,G155D,-3.0260162
mDHFR,G155E,-2.2245483
mDHFR,G155F,2.0360565
mDHFR,G155H,0.7732086
mDHFR,G155I,1.7202301
mDHFR,G155K,-2.1768494
mDHFR,G155L,0.3623352
mDHFR,G155M,2.069748
mDHFR,G155N,-2.767929
mDHFR,G155P,2.6686249
mDHFR,G155Q,-0.4898224
mDHFR,G155R,-0.29093933
mDHFR,G155S,-1.2178192
mDHFR,G155T,-0.7892151
mDHFR,G155V,1.0683289
mDHFR,G155W,3.5943298
mDHFR,G155Y,1.5174103
mDHFR,K156A,3.6010284
mDHFR,K156C,5.4042816
mDHFR,K156D,2.6345215
mDHFR,K156E,3.4792328
mDHFR,K156F,4.6177826
mDHFR,K156G,3.729477
mDHFR,K156H,4.823105
mDHFR,K156I,3.4976044
mDHFR,K156L,3.4209747
mDHFR,K156M,4.8325043
mDHFR,K156N,3.4283295
mDHFR,K156P,4.796875
mDHFR,K156Q,1.7034302
mDHFR,K156R,2.6212463
mDHFR,K156S,3.0729828
mDHFR,K156T,2.9958801
mDHFR,K156V,3.1634521
mDHFR,K156W,6.561432
mDHFR,K156Y,5.869507
mDHFR,Y157A,5.7118225
mDHFR,Y157C,7.1180573
mDHFR,Y157D,6.449234
mDHFR,Y157E,7.6284485
mDHFR,Y157F,0.5070801
mDHFR,Y157G,6.9863586
mDHFR,Y157H,5.3590546
mDHFR,Y157I,5.352234
mDHFR,Y157K,6.4368744
mDHFR,Y157L,3.7903595
mDHFR,Y157M,6.8098755
mDHFR,Y157N,6.4549713
mDHFR,Y157P,6.9111023
mDHFR,Y157Q,6.3654327
mDHFR,Y157R,6.553055
mDHFR,Y157S,6.3388824
mDHFR,Y157T,6.4405823
mDHFR,Y157V,5.154129
mDHFR,Y157W,4.700699
mDHFR,K158A,3.9154053
mDHFR,K158C,6.0002594
mDHFR,K158D,4.936798
mDHFR,K158E,3.3171844
mDHFR,K158F,5.3957825
mDHFR,K158G,5.214081
mDHFR,K158H,3.2383728
mDHFR,K158I,4.2183075
mDHFR,K158L,4.22493
mDHFR,K158M,5.4888
mDHFR,K158N,4.1028748
mDHFR,K158P,6.512085
mDHFR,K158Q,2.9317474
mDHFR,K158R,0.6515808
mDHFR,K158S,4.1235504
mDHFR,K158T,1.8758545
mDHFR,K158V,3.9363708
mDHFR,K158W,6.031784
mDHFR,K158Y,5.7411346
mDHFR,L159A,5.359497
mDHFR,L159C,5.730423
mDHFR,L159D,5.1602325
mDHFR,L159E,2.4253235
mDHFR,L159F,7.04541
mDHFR,L159G,7.1733246
mDHFR,L159H,4.793335
mDHFR,L159I,4.3111725
mDHFR,L159K,2.903885
mDHFR,L159M,4.9181824
mDHFR,L159N,6.124405
mDHFR,L159P,5.062729
mDHFR,L159Q,3.2398987
mDHFR,L159R,4.16066
mDHFR,L159S,5.5417786
mDHFR,L159T,5.5824738
mDHFR,L159V,4.313431
mDHFR,L159W,8.263184
mDHFR,L159Y,7.5040283
mDHFR,L160A,5.2456055
mDHFR,L160C,6.4582825
mDHFR,L160D,5.86821
mDHFR,L160E,5.873932
mDHFR,L160F,6.2131042
mDHFR,L160G,7.4472504
mDHFR,L160H,7.4671326
mDHFR,L160I,2.916977
mDHFR,L160K,5.283432
mDHFR,L160M,6.2042084
mDHFR,L160N,6.5333557
mDHFR,L160P,9.087784
mDHFR,L160Q,5.1063843
mDHFR,L160R,6.124283
mDHFR,L160S,5.8506317
mDHFR,L160T,4.851654
mDHFR,L160V,2.226181
mDHFR,L160W,5.7631073
mDHFR,L160Y,7.355133
mDHFR,P161A,4.0802
mDHFR,P161C,6.0085754
mDHFR,P161D,3.139679
mDHFR,P161E,2.2809296
mDHFR,P161F,6.13678
mDHFR,P161G,4.9263763
mDHFR,P161H,4.846298
mDHFR,P161I,5.710846
mDHFR,P161K,3.1987457
mDHFR,P161L,5.456772
mDHFR,P161M,6.825485
mDHFR,P161N,3.33815
mDHFR,P161Q,3.0321045
mDHFR,P161R,4.7243347
mDHFR,P161S,1.7672577
mDHFR,P161T,2.2714996
mDHFR,P161V,5.4113007
mDHFR,P161W,5.176651
mDHFR,P161Y,5.0990295
